timestamp,mmsi,name,country,latitude,longitude,speed,course,vessel_type
2025-09-19 17:55:21.635991,258084370,SELJA,Norway,68.455313,16.693968,0.1,221.7,60
2025-09-19 17:56:31.507109,109080476,ANGELSEN SR,Unknown,68.72463,13.064905,3.7,261.8,0
2025-09-19 17:56:31.514658,257017340,LYNGOY,Norway,65.116702,11.68425,0.5,308.1,70
2025-09-19 17:56:31.518787,257485800,LUTEN,Norway,68.94055,16.671937,0.1,0.0,99
2025-09-19 17:56:31.521063,257795500,SVATIND,Norway,68.09838,13.203792,7.3,170.3,30
2025-09-19 17:58:49.310111,257843500,SANDNES,Norway,69.000883,16.564705,0.1,323.1,33
2025-09-19 17:59:24.151733,257859700,HJELMEN,Norway,70.229243,23.397445,0.1,354.5,70
2025-09-19 17:59:59.678481,257567500,LIAVAAG,Norway,70.05199,20.633213,0.1,0.0,30
2025-09-19 17:59:59.685854,259175000,VULKANA,Norway,69.651833,18.962988,0.1,8.1,60
2025-09-19 18:00:34.851577,258274000,POLYNYA,Norway,67.652993,12.720467,0.1,254.9,79
2025-09-19 18:02:55.161825,257084510,LINNEA,Norway,65.000063,11.044298,8.6,123.6,70
2025-09-19 18:05:50.960623,258022850,UREBAS,Norway,68.09062,13.737333,6.0,261.3,52
2025-09-19 18:06:25.657805,257075650,SJYBRYGGA 6,Norway,67.659078,12.699448,0.0,0.0,40
2025-09-19 18:06:25.671182,258017180,LANGOEY,Norway,68.79289,14.933853,0.4,336.2,70
2025-09-19 18:08:09.542769,257242600,AQUA MARINE,Norway,65.00035,11.045692,6.7,143.2,79
2025-09-19 18:08:09.550109,257720900,BALDER,Norway,68.410055,16.52399,0.1,0.0,70
2025-09-19 18:09:54.630583,257086150,REPVAAG,Norway,70.54382,23.155615,0.1,55.2,70
2025-09-19 18:10:29.637551,258017890,AQUA FIGHTER,Norway,65.000767,11.049053,7.3,126.8,99
2025-09-19 18:11:04.795044,257025360,STOROEY,Norway,69.929812,20.958593,0.1,335.3,70
2025-09-19 18:11:40.712806,265030590,KINFISH TENDER 2,Sweden,81.82594,15.885555,0.5,175.0,90
2025-09-19 18:12:16.615197,257127940,OSATIND,Norway,67.728788,14.766425,0.1,204.0,70
2025-09-19 18:12:51.769324,257074240,GJAEVA,Norway,68.343168,15.048202,0.1,321.8,33
2025-09-19 18:12:51.782023,257042710,HAAJA,Norway,70.630205,23.655593,0.1,0.0,70
2025-09-19 18:13:26.997100,257097170,GERD,Norway,69.542745,17.671757,0.1,0.0,30
2025-09-19 18:14:03.765865,257031870,OTTO,Norway,66.02157,12.62641,0.1,0.0,90
2025-09-19 18:16:28.531547,257238500,BLAANA,Norway,67.413078,13.933942,0.1,14.9,70
2025-09-19 18:22:56.570333,259027310,AURORA,Norway,69.910883,20.16393,0.1,0.0,99
2025-09-19 18:23:31.832480,257010900,SKREIEN,Norway,68.23396,14.572512,0.1,316.6,60
2025-09-19 18:24:06.570849,257107290,TORVOEY,Norway,66.618943,13.015227,0.1,101.0,70
2025-09-19 18:27:34.807533,257077100,FROYA,Norway,68.979013,16.494337,0.1,263.9,79
2025-09-19 18:27:34.818108,258084000,HARMONI,Norway,69.670568,18.975768,0.1,314.4,30
2025-09-19 18:28:10.612077,258243500,TROMSOE,Norway,69.65402,18.969663,0.1,3.0,60
2025-09-19 18:30:30.102510,257003900,APOLLON,Norway,65.686742,12.135968,1.6,225.8,33
2025-09-19 18:32:14.705619,257707900,MAROY,Norway,69.874612,19.418598,0.1,20.4,70
2025-09-19 18:32:14.716267,257968700,TRITON,Norway,67.282828,14.37261,0.1,98.1,70
2025-09-19 18:32:49.501350,257265320,ORBIT,Norway,70.034233,20.980972,5.4,190.2,30
2025-09-19 18:33:24.188684,257130810,RANESON,Norway,67.941465,15.501058,1.1,102.5,70
2025-09-19 18:33:58.738870,257281800,HAVSULA,Norway,71.099867,25.388267,0.1,242.2,60
2025-09-19 18:36:54.421183,257665800,SANDVAER,Norway,70.625405,29.696967,0.0,199.7,70
2025-09-19 18:37:29.220686,258178000,SALTEN,Norway,67.284675,14.376207,0.1,165.8,60
2025-09-19 18:39:49.483645,258031660,JOHANNE,Norway,68.877432,16.57222,0.1,130.5,70
2025-09-19 18:42:47.964050,257066700,OS,Norway,66.867218,13.703737,0.2,27.2,60
2025-09-19 18:44:33.480649,257123000,GRANIT,Norway,65.0015,10.370133,12.8,200.4,30
2025-09-19 18:46:53.685893,257571490,RACOON,Norway,69.985502,23.303898,0.1,16.0,31
2025-09-19 18:46:53.690281,259321000,CASINO,Norway,66.30588,14.111468,0.1,153.1,70
2025-09-19 18:48:03.237058,258446000,TORVAAG,Norway,65.462893,12.191247,0.1,26.2,79
2025-09-19 18:49:12.605530,257105140,BRUCE,Norway,65.473342,12.207197,0.2,203.0,54
2025-09-19 18:49:12.606267,257031650,NORDAL,Norway,69.54372,17.670195,0.1,10.6,30
2025-09-19 18:50:22.687173,257618500,MARTIN,Norway,70.625637,29.70118,0.1,119.6,30
2025-09-19 18:51:39.712018,257076850,VARDEFJELL,Norway,65.000168,11.576133,11.0,207.0,70
2025-09-19 18:51:39.720609,258346000,MELKOEY,Norway,69.977105,23.328342,1.0,139.5,40
2025-09-19 18:55:16.228581,258696000,TENNA,Norway,70.031872,20.846863,0.1,268.4,60
2025-09-19 18:58:14.688823,257057670,RAGO,Norway,67.12271,14.043745,1.0,170.3,70
2025-09-19 18:59:25.312230,258294500,LOKE,Norway,68.792887,14.934412,0.2,290.0,79
2025-09-19 19:03:10.287356,257075550,STAR,Norway,68.98185,16.494753,0.5,133.6,33
2025-09-19 19:03:46.446479,257056800,RANDI,Norway,69.18921,17.039205,0.1,0.0,52
2025-09-19 19:04:21.641083,257061400,LAUTUS,Norway,66.023788,12.643752,0.1,200.7,32
2025-09-19 19:04:57.202582,257112600,NOVA,Norway,66.81897,13.457795,0.1,264.6,33
2025-09-19 19:05:32.689644,257090500,HAVNA,Norway,70.634312,29.72453,0.1,55.2,50
2025-09-19 19:05:32.692928,257181020,SOLBAS,Norway,69.67045,18.975327,0.1,43.5,30
2025-09-19 19:06:08.574802,259030580,NAMDALINGEN,Norway,65.001145,11.620115,24.0,230.8,40
2025-09-19 19:06:08.579616,257006180,KAARE,Norway,69.677602,29.907522,0.1,329.7,60
2025-09-19 19:06:44.733545,257300000,LOS 132,Norway,69.65664,18.96761,3.3,284.9,50
2025-09-19 19:07:20.053875,259004930,FROYDIS,Norway,69.354323,18.079713,0.1,269.2,40
2025-09-19 19:08:34.858225,257572800,MAASSKE,Norway,68.418417,15.995587,0.1,0.0,79
2025-09-19 19:08:34.859024,257126140,MULTIND,Norway,67.488403,15.45506,0.1,0.0,40
2025-09-19 19:11:04.804466,258027600,STORM,Norway,67.488453,15.455072,0.1,0.0,40
2025-09-19 19:12:50.868643,259410000,FLESA,Norway,66.024647,12.63456,0.4,29.6,60
2025-09-19 19:12:50.876062,259009250,MAALOEY,Norway,67.06852,14.073367,0.1,146.4,79
2025-09-19 19:14:43.445938,258001450,POLAR,Norway,68.332308,14.945683,0.3,37.1,60
2025-09-19 19:14:43.451023,257436720,ULA,Norway,69.337713,17.106333,0.1,0.0,30
2025-09-19 19:15:19.344987,257055290,TY,Norway,70.631957,29.720155,0.1,178.9,34
2025-09-19 19:18:04.851920,257645900,HAVOY,Norway,70.891883,24.93858,0.1,113.2,70
2025-09-19 19:20:48.387156,259635000,KILDIN,Norway,69.705417,19.029617,0.1,192.3,30
2025-09-19 19:20:48.392323,257083060,EDEL,Norway,69.475393,17.551727,0.1,160.6,52
2025-09-19 19:20:48.409558,257063240,FLIPPER,Norway,66.026937,12.254798,0.1,50.6,60
2025-09-19 19:22:25.895832,257090250,JOMPA,Norway,70.670777,23.673817,0.1,219.7,51
2025-09-19 19:22:25.897881,257096580,TEODOR,Norway,69.362777,17.063045,0.1,0.0,70
2025-09-19 19:22:25.905451,257500620,FEMRIS,Norway,68.909333,15.071782,0.1,284.1,60
2025-09-19 19:23:34.381871,258027640,ISAK,Norway,68.908912,17.723428,0.1,0.0,70
2025-09-19 19:23:34.383112,258186500,TYPHOON,Norway,66.134103,12.860193,0.3,311.1,70
2025-09-19 19:24:11.958674,257395500,OSTVERN,Norway,69.727215,30.03059,0.1,0.0,50
2025-09-19 19:25:27.135128,257242500,ORCA,Norway,68.23202,14.566218,0.1,103.7,69
2025-09-19 19:25:27.142484,257743900,LEGONA,Norway,66.024547,12.634258,0.1,0.0,60
2025-09-19 19:26:04.496047,257178000,NYKSUND,Norway,66.489225,12.966912,0.1,296.5,70
2025-09-19 19:27:18.970802,257800900,HASSE,Norway,65.250267,12.79114,0.1,331.4,34
2025-09-19 19:28:08.674991,257983600,TORNADO,Norway,66.478735,12.732227,0.1,321.2,70
2025-09-19 19:28:08.683943,258022080,MARIA,Norway,66.167418,12.570425,0.1,152.5,70
2025-09-19 19:28:33.827119,257350400,REINOY,Norway,69.965667,19.630135,0.1,299.1,69
2025-09-19 19:28:33.830631,257059970,LOMTIND,Norway,70.319033,22.87407,0.1,165.3,90
2025-09-19 19:29:11.875100,257842800,ERNST,Norway,68.840278,16.33415,0.1,140.3,33
2025-09-19 19:29:11.881721,258029800,NJORD,Norway,68.416337,15.99241,0.1,231.6,70
2025-09-19 19:29:49.561740,258128000,FORTUNA,Norway,69.543207,17.671163,0.1,349.2,30
2025-09-19 19:29:49.578392,257119260,JULIAN,Norway,68.606613,14.457707,1.5,50.1,79
2025-09-19 19:30:28.402366,257008390,GYDA,Norway,66.02172,12.626302,0.1,0.0,99
2025-09-19 19:31:06.172080,257720700,AAROY,Norway,70.14327,23.273447,0.2,320.7,40
2025-09-19 19:31:11.222064,257765090,WINTER,Norway,68.786992,16.544998,0.1,256.0,60
2025-09-19 19:31:11.224512,257183400,FROEY,Norway,69.237267,19.369422,0.2,295.7,33
2025-09-19 19:31:11.228935,258048000,LEKA,Norway,65.084683,11.829402,0.1,0.0,60
2025-09-19 19:31:44.302730,257761700,ODIN,Norway,68.416122,15.992323,0.1,256.6,70
2025-09-19 19:31:44.320755,257440600,OLIVIA,Norway,70.987767,26.03016,0.1,82.7,90
2025-09-19 19:32:22.525864,257763600,BRIS,Norway,68.340513,15.386578,0.1,0.0,70
2025-09-19 19:32:22.544680,257972800,STOROEY,Norway,70.637807,29.730602,0.1,0.0,70
2025-09-19 19:33:33.049209,257033030,CHIEF,Norway,68.676047,17.119268,0.1,231.7,99
2025-09-19 19:33:38.952026,257044700,BARMOEY,Norway,65.472343,12.197827,0.3,322.9,60
2025-09-19 19:34:04.203093,257522600,TRIO,Norway,67.659498,12.698752,0.1,22.0,30
2025-09-19 19:34:04.206435,257619800,VARGO,Norway,70.63431,23.669608,0.1,274.6,70
2025-09-19 19:34:16.296014,259038500,STARK,Norway,69.727282,30.034603,0.1,218.2,52
2025-09-19 19:34:16.302790,258001160,BAS,Norway,68.73143,17.225497,0.1,151.0,33
2025-09-19 19:34:16.308978,257208600,KARLSOY,Norway,69.95793,20.688043,0.1,0.0,70
2025-09-19 19:34:56.122648,257152520,FORROEY,Norway,69.326687,16.134603,0.1,357.8,30
2025-09-19 19:34:56.129627,259590000,BOERNES,Norway,70.981423,25.970612,0.1,278.5,30
2025-09-19 19:34:56.130244,258688000,NIKLAS,Norway,69.66258,18.177693,0.1,0.0,33
2025-09-19 19:34:56.137075,258030590,ORNES,Norway,70.625598,23.107262,0.1,218.9,70
2025-09-19 19:34:56.138532,109060230,KRISTINE E,Unknown,71.174158,26.487092,3.0,253.0,0
2025-09-19 19:34:56.138931,257811600,NAVIGO,Norway,70.532882,22.932,0.1,273.7,90
2025-09-19 19:35:35.269371,259036280,AURORA,Norway,69.430455,18.148963,0.1,34.8,70
2025-09-19 19:35:35.282081,257034300,MEVAER,Norway,68.976653,15.186022,0.1,43.4,33
2025-09-19 19:35:35.283118,258772000,HORNOEY,Norway,70.631568,23.128813,0.1,301.2,40
2025-09-19 19:35:35.290231,257891900,NORDOEY,Norway,69.741133,30.463022,0.1,164.7,70
2025-09-19 19:36:15.318407,257069830,RISVIK,Norway,70.94657,27.33652,0.1,146.2,30
2025-09-19 19:36:15.319126,259034450,NJORD,Norway,68.08641,13.634627,0.1,0.0,70
2025-09-19 19:36:15.319547,257527900,CAPELLA,Norway,69.64973,18.961405,0.1,284.8,60
2025-09-19 19:36:15.320878,257003800,STERK,Norway,69.999033,19.34045,0.1,297.7,33
2025-09-19 19:36:15.321252,259041620,FOLDEN,Norway,67.382447,14.377265,0.1,291.2,79
2025-09-19 19:36:15.321715,257007140,TRIX,Norway,70.6667,23.661057,0.1,152.6,52
2025-09-19 19:36:15.323501,257090600,FUGLOY,Norway,69.711175,18.364665,0.1,326.9,70
2025-09-19 19:36:15.327802,257039320,SOLBRYN,Norway,66.592868,12.659202,0.1,308.2,70
2025-09-19 19:36:15.328165,258022090,MARIT,Norway,66.63451,13.335387,0.1,9.7,70
2025-09-19 19:36:15.328882,257045680,GYME,Norway,70.776733,27.219125,0.1,29.0,33
2025-09-19 19:36:53.675837,257072050,LOMTIND,Norway,69.474458,18.075747,0.1,347.4,52
2025-09-19 19:36:53.678763,258450000,CABELA,Norway,66.189113,13.231452,0.1,270.4,79
2025-09-19 19:36:53.681757,257194000,VANNES,Norway,70.05338,19.85398,0.2,295.4,59
2025-09-19 19:36:53.683081,258026620,TRITON,Norway,68.086055,13.634285,0.1,0.0,70
2025-09-19 19:36:53.683891,257127280,BLATIND,Norway,69.845427,22.019752,0.1,0.0,40
2025-09-19 19:36:53.685598,257817600,HAUK,Norway,68.79184,16.918055,0.3,306.4,40
2025-09-19 19:37:31.860770,265064540,KINFISH TENDER 3,Sweden,81.93573,16.673895,7.2,74.1,90
2025-09-19 19:37:31.860889,257898600,BERGSFJORD,Norway,70.321807,22.291517,11.4,169.7,65
2025-09-19 19:37:31.860920,257747800,KIM ROGER,Norway,67.889035,13.028138,0.0,0.0,30
2025-09-19 19:37:31.860945,257597000,STRIL LUNA,Norway,71.873595,21.569818,7.6,150.4,90
2025-09-19 19:37:31.860965,257069000,NORNE,Norway,66.027353,8.087817,0.3,160.5,99
2025-09-19 19:37:31.860988,257747900,STOLT ORION,Norway,66.392897,12.83045,0.0,188.4,70
2025-09-19 19:37:31.861012,259030300,PELAGIA FJORD,Norway,68.554907,16.304575,9.3,73.3,73
2025-09-19 19:37:31.861034,257069160,SVARTSKJAER,Norway,65.676148,12.127638,0.1,0.0,52
2025-09-19 19:37:31.861056,257069200,KV FARM,Norway,68.703238,15.418723,0.0,249.5,55
2025-09-19 19:37:31.861087,258955000,NORTH SEA ATLANTIC,Norway,65.516585,7.200537,0.1,166.0,99
2025-09-19 19:37:31.861110,257069260,TJOETTAGUTTEN,Norway,65.67615,12.127418,0.0,55.0,79
2025-09-19 19:37:31.861152,258729000,EIDSVAAG PIONER,Norway,67.665862,15.196632,9.1,240.4,70
2025-09-19 19:37:31.861176,257597600,HAUKOYFJORD,Norway,68.252928,16.064565,0.0,315.5,30
2025-09-19 19:37:31.861199,257974800,KVAENANGSTIND,Norway,69.86999999999999,21.93,0.0,0.0,70
2025-09-19 19:37:31.861222,258503000,FRUHOLMEN,Norway,65.698512,12.281215,8.3,192.3,30
2025-09-19 19:37:31.861262,235572000,ANVIL POINT,United Kingdom,65.45361,6.616712,16.7,207.5,70
2025-09-19 19:37:31.861293,257220740,SELFJORD,Norway,69.074013,17.050217,0.0,219.7,33
2025-09-19 19:37:31.861335,258201500,MJOE 2,Norway,70.676588,23.637748,0.0,13.2,32
2025-09-19 19:37:31.861364,257145500,DHARMA R,Norway,70.01166666666667,29.15666666666667,0.0,111.0,90
2025-09-19 19:37:31.861386,257749000,CABAL,Norway,67.867933,14.712372,10.1,210.6,70
2025-09-19 19:37:31.861408,630001042,NOR STAR,Guinea-Bissau,68.482803,14.543432,11.0,275.6,80
2025-09-19 19:37:31.861429,257824500,LYSBOEN II,Norway,68.087733,13.223528,0.0,314.3,30
2025-09-19 19:37:31.861462,257070350,NEMO,Norway,65.473373,12.207475,0.1,0.0,54
2025-09-19 19:37:31.861502,258051000,ARCTIC OPILIO,Norway,69.647545,18.979853,0.0,318.2,30
2025-09-19 19:37:31.861524,319301000,KEY WIND,Cayman Islands,65.960175,9.640843,11.6,201.6,89
2025-09-19 19:37:31.861543,257070450,ARON,Norway,65.802525,12.725453,0.1,0.0,60
2025-09-19 19:37:31.861563,259031690,KB VARG,Norway,66.66892,13.392637,0.0,339.0,79
2025-09-19 19:37:31.861584,259258000,BELA MARIE,Norway,69.674205,18.754272,0.0,300.3,30
2025-09-19 19:37:31.861610,257221500,KURT ENDRE,Norway,69.776492,18.401775,0.0,203.0,30
2025-09-19 19:37:31.861652,259032110,WHALE2SEA3,Norway,69.500032,17.284633,3.4,119.0,60
2025-09-19 19:37:31.861673,257523500,LOFOTVAERING,Norway,68.240093,14.57962,0.0,253.7,30
2025-09-19 19:37:31.861692,259183000,RO MASTER,Norway,69.085623,17.390387,11.3,42.3,75
2025-09-19 19:37:31.861710,258127000,LOPPOEY,Norway,70.304062,22.187818,23.4,300.5,40
2025-09-19 19:37:31.861732,257071020,GERD O,Norway,68.682007,17.060117,0.1,133.0,70
2025-09-19 19:37:31.861755,257825500,BJORNTIND,Norway,68.071513,13.536917,0.0,25.3,30
2025-09-19 19:37:31.861785,259032530,HYBRID FOUR,Norway,66.372838,12.360595,0.0,0.0,99
2025-09-19 19:37:31.861807,257448500,SKAARUNGEN,Norway,68.23234,14.53931,0.0,0.0,30
2025-09-19 19:37:31.861826,259032570,VA RIB 1,Norway,68.69666666666667,15.42,0.0,5.0,40
2025-09-19 19:37:31.861846,257297700,ISPRINS,Norway,66.878293,13.668418,8.1,128.7,60
2025-09-19 19:37:31.861865,257976600,NOVA PIONER,Norway,66.133477,12.849358,0.0,334.5,70
2025-09-19 19:37:31.861911,257147000,HORNSTIND,Norway,68.23333333333333,14.55,0.0,307.0,60
2025-09-19 19:37:31.861943,257298000,LOS 130,Norway,66.05818,12.646073,24.6,12.9,50
2025-09-19 19:37:31.861965,257750600,ARTHUR EILERTSEN,Norway,68.65717,15.903848,2.5,228.0,33
2025-09-19 19:37:31.861986,277589000,VILKAS,Lithuania,68.234302,14.534998,0.1,225.2,30
2025-09-19 19:37:31.862005,257599800,KVITNES,Norway,70.196942,21.817882,0.1,244.2,70
2025-09-19 19:37:31.862071,257675500,EGGUMSVAERING,Norway,68.238955,13.630792,0.0,204.0,30
2025-09-19 19:37:31.862090,258203550,DUEN III,Norway,69.23975,17.979422,0.0,187.9,99
2025-09-19 19:37:31.862109,258430000,NORSEL,Norway,71.51333333333334,17.986666666666668,8.0,31.0,80
2025-09-19 19:37:31.862183,259033780,SEIPA,Norway,69.740217,30.041447,27.4,206.8,90
2025-09-19 19:37:31.862218,257223620,SKJAERGRUNN,Norway,70.946853,27.335475,0.0,93.1,30
2025-09-19 19:37:31.862236,259562000,O.HUSBY,Norway,75.450145,35.147272,2.2,279.9,30
2025-09-19 19:37:31.862257,257223700,SJOSERVICE I,Norway,70.668113,23.659713,0.0,345.9,31
2025-09-19 19:37:31.862277,257374600,DIVE MASTER,Norway,69.652218,18.999108,0.1,0.0,33
2025-09-19 19:37:31.862308,259034170,SEINGEN,Norway,70.727772,22.486442,4.4,205.2,30
2025-09-19 19:37:31.862342,229767000,ARCTIC AURORA,Malta,71.734168,26.103225,11.8,282.4,84
2025-09-19 19:37:31.862365,259336000,KYST,Norway,68.341597,15.432465,0.1,157.0,70
2025-09-19 19:37:31.862387,257752000,HAVILA CASTOR,Norway,70.037915,21.022993,13.5,223.5,60
2025-09-19 19:37:31.862409,257676600,ARCTIC PRINCE,Norway,67.296343,14.395893,0.0,71.1,40
2025-09-19 19:37:31.862430,259034410,TANTEYEN II,Norway,67.277527,14.556587,0.0,0.0,70
2025-09-19 19:37:31.862461,257073260,BARBATUS,Norway,78.227957,15.608718,0.0,0.0,99
2025-09-19 19:37:31.862481,257978500,SENNHOLMEN,Norway,67.655698,12.71178,0.0,67.9,30
2025-09-19 19:37:31.862586,259638000,GLUTRA,Norway,68.232835,16.120215,11.8,247.3,60
2025-09-19 19:37:31.862633,257827700,FOSNA TRITON,Norway,66.021533,12.625285,0.0,70.9,34
2025-09-19 19:37:31.862658,257073460,TROLL,Norway,65.44829,12.558095,4.3,230.3,40
2025-09-19 19:37:31.862695,259261000,AQS ODIN,Norway,67.143007,14.278642,0.0,257.1,70
2025-09-19 19:37:31.862723,258205000,ARCTIC PIONEER,Norway,69.673462,18.980497,0.0,308.7,30
2025-09-19 19:37:31.862751,257677000,ISFJORD,Norway,71.724307,23.643297,8.7,30.3,80
2025-09-19 19:37:31.862775,257149000,KAMILLA G,Norway,73.24833333333332,22.138333333333332,9.0,322.0,30
2025-09-19 19:37:31.862821,259034890,STERKEFIX,Norway,67.440633,14.715282,0.0,147.1,70
2025-09-19 19:37:31.862856,258506910,NOVA STAR,Norway,66.339105,13.006825,0.0,0.0,33
2025-09-19 19:37:31.862880,259563000,SKOLMEN,Norway,69.964885,20.179118,7.6,234.4,30
2025-09-19 19:37:31.862909,273291510,NORVEZHSKOE MORE,Russia,75.97468,13.970035,0.3,112.5,30
2025-09-19 19:37:31.862940,257526600,FV MEHOLMEN,Norway,67.406307,13.900385,0.0,278.5,30
2025-09-19 19:37:31.862986,257074540,LENE K,Norway,67.208667,13.934578,0.3,153.6,30
2025-09-19 19:37:31.863011,314553000,WILSON LEITH,Barbados,68.57504,14.948242,0.0,102.2,70
2025-09-19 19:37:31.863048,258357000,FJORDKABEL,Norway,68.784593,16.54749,0.0,359.8,90
2025-09-19 19:37:31.863071,257301000,GEIR TORE H,Norway,68.785115,16.547622,0.0,324.0,70
2025-09-19 19:37:31.863096,982570082,KNM T MOB,Unknown,69.461803,16.795558,14.6,230.8,35
2025-09-19 19:37:31.863117,273217010,BOOTES,Russia,70.73869,20.721693,3.6,81.0,30
2025-09-19 19:37:31.863162,257603000,HANOEY,Norway,68.565385,15.006653,23.9,279.9,40
2025-09-19 19:37:31.863186,982570397,NAUTILUS ALDRA MOB,Unknown,65.803338,12.726417,0.2,0.0,53
2025-09-19 19:37:31.863260,257829600,ANNE GRO,Norway,70.125938,23.22493,0.0,344.4,90
2025-09-19 19:37:31.863282,259036500,HALOYGEN,Norway,68.790365,16.914355,0.0,39.8,70
2025-09-19 19:37:31.863318,259112000,SAMSKIP KVITBJORN,Norway,69.627685,18.946358,0.0,129.6,70
2025-09-19 19:37:31.863348,259263000,VIKANTIND,Norway,68.816738,14.547802,0.0,270.0,30
2025-09-19 19:37:31.863371,257452700,MS SOLVIK,Norway,67.294388,14.396563,0.0,308.3,53
2025-09-19 19:37:31.863404,257151000,SOERDYROEY,Norway,70.667907,23.663612,0.0,66.9,90
2025-09-19 19:37:31.863427,257075570,SJYBRYGGA 1,Norway,67.658983,12.699087,0.0,0.0,40
2025-09-19 19:37:31.863449,257075610,SJYBRYGGA 4,Norway,67.65898,12.699152,0.0,0.0,40
2025-09-19 19:37:31.863477,257075630,SJYBRYGGA 5,Norway,67.659048,12.699333,0.0,0.0,40
2025-09-19 19:37:31.863497,257000202,DUCK3,Norway,69.460627,16.79073,12.0,240.2,30
2025-09-19 19:37:31.863520,257000210,FOSNA ORION,Norway,65.525375,12.542798,0.0,0.0,99
2025-09-19 19:37:31.863546,257603700,SVENNINGEN,Norway,66.368583,12.593915,0.1,266.9,70
2025-09-19 19:37:31.863568,257075690,SJYBRYGGA 8,Norway,67.659062,12.69943,0.0,0.0,40
2025-09-19 19:37:31.863591,257754600,LUROEYSUND,Norway,66.358698,12.585548,0.0,171.0,70
2025-09-19 19:37:31.863614,257377500,VIRAK,Norway,66.890587,13.410627,10.7,231.1,60
2025-09-19 19:37:31.863639,257754700,RITA IRENE,Norway,66.343322,13.44835,0.0,0.0,70
2025-09-19 19:37:31.863662,259037060,SKJAAHOLMEN,Norway,70.894498,25.579207,0.0,49.7,70
2025-09-19 19:37:31.863685,257000520,KRISTINE,Norway,70.829918,24.450717,0.0,253.7,70
2025-09-19 19:37:31.863709,257000550,SULISKONGEN,Norway,67.483098,15.459628,0.0,0.0,70
2025-09-19 19:37:31.863730,257151420,LOKSTIND,Norway,70.02355,17.918463,3.9,229.5,30
2025-09-19 19:37:31.863765,257151600,STORSJONA,Norway,66.34329,13.448775,0.0,193.8,70
2025-09-19 19:37:31.863789,258962000,POLAR PIONEER,Norway,69.673388,18.980152,0.0,306.3,30
2025-09-19 19:37:31.863814,257528900,FLATOYJENTA,Norway,66.022683,12.243733,0.0,211.3,70
2025-09-19 19:37:31.863835,257076330,FROYSUND,Norway,69.47553,18.077248,0.2,114.4,31
2025-09-19 19:37:31.863857,259641000,THEA MATHILDE,Norway,69.82817,19.619898,9.5,73.0,30
2025-09-19 19:37:31.863881,259113000,SAMSKIP KVITNOS,Norway,67.290838,14.397577,0.0,77.6,70
2025-09-19 19:37:31.863903,257000970,TROLLTIND,Norway,65.822037,12.43091,0.0,0.0,70
2025-09-19 19:37:31.863925,257529000,HALTENTRAAL,Norway,71.056333,29.10417,3.9,167.5,30
2025-09-19 19:37:31.863947,257981600,LOFOTHAV,Norway,68.0726,13.536793,0.7,311.1,30
2025-09-19 19:37:31.863981,257604500,TRONDERGUT,Norway,67.103597,15.393437,0.0,0.0,38
2025-09-19 19:37:31.864005,258207950,EIDSVAERINGEN,Norway,68.643885,15.505548,0.0,0.0,70
2025-09-19 19:37:31.864038,257076660,LITSJONA,Norway,66.339227,13.006843,0.0,0.0,60
2025-09-19 19:37:31.864058,257604700,JAN R,Norway,67.139643,15.396328,0.0,0.0,70
2025-09-19 19:37:31.864080,258208160,BREISTRAND,Norway,68.90928,15.076785,0.0,350.8,33
2025-09-19 19:37:31.864101,244178000,SHETLAND,Netherlands,65.032083,10.386,11.1,201.4,70
2025-09-19 19:37:31.864122,257303000,SKOTTIND,Norway,68.131387,13.426237,0.0,343.7,30
2025-09-19 19:37:31.864156,257001420,SOLBJORN,Norway,67.938018,13.08353,0.0,344.3,30
2025-09-19 19:37:31.864180,235051012,NAVAL AUXILIARY,United Kingdom,69.945707,17.620397,12.0,220.0,35
2025-09-19 19:37:31.864202,563175900,ARMADA 78 03,Singapore,66.89333333333333,5.1866666666666665,0.0,41.0,70
2025-09-19 19:37:31.864223,257755800,ALTSULA,Norway,70.1531,22.316647,8.9,328.3,70
2025-09-19 19:37:31.864312,257001950,AQS NJORD,Norway,68.12705,13.570662,0.0,169.6,52
2025-09-19 19:37:31.864335,259038590,ARNOYJENTA,Norway,67.15157,14.000643,0.0,3.6,99
2025-09-19 19:37:31.864356,257001960,RONJA OCEAN,Norway,66.030347,12.030335,1.2,282.0,70
2025-09-19 19:37:31.864377,259038600,RAMNES,Norway,70.891615,24.938093,0.1,0.0,70
2025-09-19 19:37:31.864397,257303700,ISFUGLEN,Norway,70.979435,25.975178,0.1,63.4,99
2025-09-19 19:37:31.864419,257077440,ROSTJENTA,Norway,70.63049,21.977063,0.1,154.3,25
2025-09-19 19:37:31.864441,258133500,S S FOLKVANG,Norway,68.677215,17.11841,0.0,243.8,67
2025-09-19 19:37:31.864462,257605500,ROHOLMEN,Norway,68.078308,13.542633,0.0,293.3,30
2025-09-19 19:37:31.864483,259038700,ECOFIVE,Norway,73.084188,32.139068,4.1,87.7,30
2025-09-19 19:37:31.864515,257303800,NAUTILUS,Norway,70.100403,21.599908,0.0,335.2,60
2025-09-19 19:37:31.864535,257077510,FDA HANS,Norway,69.987733,19.938145,0.1,280.0,33
2025-09-19 19:37:31.864567,257002120,NYMATIND,Norway,67.8973,13.04291,0.0,137.6,30
2025-09-19 19:37:31.864589,257153000,SKREIGRUNN,Norway,71.218157,27.685647,7.3,111.4,30
2025-09-19 19:37:31.864622,257002170,HAVNEVAKT 01,Norway,70.980595,25.975498,0.1,120.1,53
2025-09-19 19:37:31.864644,259039050,VEMUND,Norway,65.883127,11.933098,0.1,0.0,40
2025-09-19 19:37:31.864665,257077850,MAROYFJORD 2,Norway,70.897848,27.228305,0.1,126.9,70
2025-09-19 19:37:31.864687,258134000,FALKUNGEN,Norway,70.98198,25.968273,0.0,63.7,52
2025-09-19 19:37:31.864709,257078000,FJORDLAST II,Norway,67.292433,14.399498,0.0,319.2,70
2025-09-19 19:37:31.864743,259039240,HUNDHOLMEN,Norway,67.240997,15.412365,0.0,0.0,60
2025-09-19 19:37:31.864765,257681500,FUGLOEYBUEN,Norway,66.968957,13.79129,0.0,0.0,30
2025-09-19 19:37:31.864786,259039270,VOTTEN,Norway,68.65659,14.869707,0.1,0.0,53
2025-09-19 19:37:31.864807,257153500,PRESTFJORD,Norway,69.57889,15.899768,3.9,13.0,30
2025-09-19 19:37:31.864837,218004830,JAN MARIA,Germany,70.100373,20.218438,13.3,23.0,30
2025-09-19 19:37:31.864869,257832500,AQS HERMOD,Norway,70.62586,23.107427,0.1,321.0,52
2025-09-19 19:37:31.864895,259039560,BARENTS EXPERIENCE,Norway,69.728617,30.033235,0.0,0.0,40
2025-09-19 19:37:31.864942,273522400,ZAKHAR SOROKIN,Russia,71.2722,20.907717,4.2,247.3,30
2025-09-19 19:37:31.864963,273447010,ALFERAS,Russia,72.50833333333334,23.715,9.0,308.0,30
2025-09-19 19:37:31.864987,257003090,REIDAR VIKING,Norway,69.860308,20.704863,0.0,87.7,70
2025-09-19 19:37:31.865009,259039740,NORINGEN,Norway,69.546522,17.791585,0.0,131.0,70
2025-09-19 19:37:31.865034,257380400,VANDVE,Norway,66.176238,12.401537,9.6,345.3,60
2025-09-19 19:37:31.865064,257078770,EINAR,Norway,69.05136,14.407585,4.5,136.6,30
2025-09-19 19:37:31.865097,259040000,KV SVALBARD,Norway,71.043028,21.231368,12.1,49.7,55
2025-09-19 19:37:31.865120,257984000,KV JAN MAYEN,Norway,75.83333333333333,14.605,7.0,95.0,55
2025-09-19 19:37:31.865141,259040090,MAJESTIX,Norway,67.074047,14.063143,0.0,245.5,70
2025-09-19 19:37:31.865161,257757800,LITJTIND,Norway,66.133688,12.850315,0.3,0.0,60
2025-09-19 19:37:31.865183,257078960,LYSHOLMEN,Norway,70.629968,23.655235,0.0,0.0,70
2025-09-19 19:37:31.865206,257531600,SENJAVAERING,Norway,69.543685,17.665837,0.0,309.4,30
2025-09-19 19:37:31.865226,259040230,VA RIB 2,Norway,68.644932,15.35525,33.3,34.9,40
2025-09-19 19:37:31.865258,276842000,MERIKE,Estonia,76.09768,36.504747,13.7,103.6,30
2025-09-19 19:37:31.865279,257079080,STEINFJELL,Norway,70.872873,24.63175,0.1,66.5,70
2025-09-19 19:37:31.865298,257079120,IVER,Norway,68.830578,17.479622,0.1,0.0,70
2025-09-19 19:37:31.865317,257230000,RODOY,Norway,69.520058,17.930568,10.7,193.4,60
2025-09-19 19:37:31.865341,273296810,DMITRY MENDELEEV,Russia,68.11622,10.075688,11.3,28.1,80
2025-09-19 19:37:31.865365,314633000,WILSON DROGHEDA,Barbados,66.212185,13.015363,0.0,226.7,70
2025-09-19 19:37:31.865386,257003720,LIV GRANNES,Norway,65.71305,11.919275,0.0,332.0,40
2025-09-19 19:37:31.865408,257079200,KV HEIMDAL,Norway,67.28517,14.379955,0.0,180.7,55
2025-09-19 19:37:31.865432,257531800,BASUNEN,Norway,67.95616,15.174147,0.1,169.3,70
2025-09-19 19:37:31.865466,259040460,NOVA HOEVDING,Norway,66.661907,13.069488,0.0,38.9,79
2025-09-19 19:37:31.865506,273523300,ALEKSANDR MIRONENKO,Russia,70.621143,31.822102,7.4,130.2,30
2025-09-19 19:37:31.865531,259644000,JORUNN KNUTSEN/ASG C,Norway,65.1295,6.862,0.3,68.0,80
2025-09-19 19:37:31.865553,232866000,M/S ISBJORNEN 2,United Kingdom,69.687462,18.735412,0.0,184.9,90
2025-09-19 19:37:31.865576,259040560,USV BRIS,Norway,66.289357,14.052292,0.0,0.0,33
2025-09-19 19:37:31.865610,257984600,PETTER G,Norway,69.55,20.535,0.0,174.0,33
2025-09-19 19:37:31.865643,273523400,YANTARNYY,Russia,70.892898,18.590625,13.9,76.7,30
2025-09-19 19:37:31.865677,257230500,HYDROGRAF,Norway,69.675853,18.9829,0.0,322.8,90
2025-09-19 19:37:31.865699,257607700,SYV SOSTRE,Norway,65.994887,12.283157,0.1,284.6,70
2025-09-19 19:37:31.865723,212651000,ELISABETH J,Cyprus,67.291632,8.770507,13.4,205.0,80
2025-09-19 19:37:31.865749,259192000,RESCUE SUNDT FLYER,Norway,68.23333333333333,14.57,0.0,59.0,51
2025-09-19 19:37:31.865774,257080050,BARENTS OCEAN,Norway,69.808053,19.437798,8.3,244.3,70
2025-09-19 19:37:31.865795,257155500,AUSTHAVET,Norway,70.625568,29.697348,0.0,0.0,30
2025-09-19 19:37:31.865819,259343000,PETER HENRY VON KOSS,Norway,71.03666666666666,27.848333333333336,0.0,186.0,51
2025-09-19 19:37:31.865851,258287000,HASVIK,Norway,70.228387,22.270842,7.5,84.9,60
2025-09-19 19:37:31.865873,257306400,FROYAFERGA,Norway,65.178468,12.269472,0.0,322.0,60
2025-09-19 19:37:31.865895,257683600,ASBJOERN,Norway,68.979383,16.494602,0.0,0.0,99
2025-09-19 19:37:31.865918,257834500,HAVBRAATT 1,Norway,69.32457,16.119815,0.0,240.6,30
2025-09-19 19:37:31.865939,259041400,STORTIND,Norway,69.986143,19.926315,0.2,15.0,70
2025-09-19 19:37:31.865959,982575641,MUNIN,Unknown,78.22326,15.662167,0.1,0.0,92
2025-09-19 19:37:31.865981,257985500,SIRE ELISE,Norway,69.397637,18.157205,0.0,149.3,33
2025-09-19 19:37:31.866003,257683800,HELLIGVAER,Norway,67.406753,13.903467,0.0,0.0,60
2025-09-19 19:37:31.866025,257004950,BORFJORD,Norway,70.63333333333334,22.566666666666663,0.0,19.0,70
2025-09-19 19:37:31.866047,257004980,LISSKJAER,Norway,66.493922,12.083915,0.0,0.0,70
2025-09-19 19:37:31.866080,257985600,THORBJOERN,Norway,68.683048,17.121513,0.1,353.7,70
2025-09-19 19:37:31.866101,257608600,EMMA V,Norway,70.994823,24.65487,0.0,150.4,30
2025-09-19 19:37:31.866124,257457800,EIDSFJORD,Norway,69.929743,20.95922,0.0,80.7,70
2025-09-19 19:37:31.866148,257608700,DONNAMANNEN,Norway,67.44219,15.482048,0.0,0.0,40
2025-09-19 19:37:31.866168,257307000,POLFOSS,Norway,70.0793,20.93079,14.4,32.8,70
2025-09-19 19:37:31.866192,257005280,HEROEYVAERINGEN,Norway,65.128907,12.075478,0.0,146.2,79
2025-09-19 19:37:31.866214,257005300,LINDESNES,Norway,68.212673,14.482633,0.0,352.0,54
2025-09-19 19:37:31.866235,257080750,EIDSVAAG OPAL,Norway,70.072128,19.346233,0.1,309.9,70
2025-09-19 19:37:31.866257,257080800,ELIASSEN,Norway,70.197298,21.81774,0.0,170.0,70
2025-09-19 19:37:31.866278,257080810,STOROY II,Norway,68.723945,17.335782,0.0,297.3,70
2025-09-19 19:37:31.866299,257458000,RO SAILOR,Norway,70.95016,26.771747,11.2,147.5,70
2025-09-19 19:37:31.866321,257005480,KJOEFJORD,Norway,68.18813,16.108142,0.0,121.1,70
2025-09-19 19:37:31.866344,259193000,DET NORSKE VERITAS,Norway,68.070922,13.538195,0.0,23.0,51
2025-09-19 19:37:31.866369,257231800,HALTBAKKDIESEL BENSI,Norway,68.552335,16.55726,0.0,89.7,80
2025-09-19 19:37:31.866393,314635000,WILSON DUNDEE,Barbados,66.327678,14.143082,0.0,0.6,70
2025-09-19 19:37:31.866414,259042360,FDA NIKLAS,Norway,69.960348,19.621102,0.0,112.7,79
2025-09-19 19:37:31.866437,257005840,BJORNSTEIN,Norway,70.49792,20.615993,1.1,147.0,30
2025-09-19 19:37:31.866458,257458500,AARVIKSAND,Norway,70.568833,18.505922,3.7,242.7,95
2025-09-19 19:37:31.866483,257081580,LANDVIND,Norway,66.817537,13.61391,21.4,75.1,60
2025-09-19 19:37:31.866529,257986900,OYSKYSS 1,Norway,69.961,19.61948,0.0,0.0,69
2025-09-19 19:37:31.866551,257157200,KNM TANGEN,Norway,68.784167,16.550317,0.0,0.0,35
2025-09-19 19:37:31.866589,257157640,JM SENIOR,Norway,69.508075,17.908828,0.0,309.7,90
2025-09-19 19:37:31.866609,258968000,IBESTAD,Norway,69.576085,20.22781,5.2,295.9,60
2025-09-19 19:37:31.866630,257006840,ANDOYFISK,Norway,70.821272,22.9342,6.7,267.4,30
2025-09-19 19:37:31.866652,257459500,OYASKJAER,Norway,67.655482,12.720473,0.0,256.8,30
2025-09-19 19:37:31.866673,259647000,NESBAKK,Norway,68.552233,16.46455,7.0,96.6,30
2025-09-19 19:37:31.866709,259043580,RAMPEN EXPLORER,Norway,67.286187,14.38538,0.0,0.0,40
2025-09-19 19:37:31.866731,257082500,ALBATROSS,Norway,70.074142,29.743622,0.0,309.3,67
2025-09-19 19:37:31.866754,565369000,COSL PROSPECTOR,Singapore,70.62699,23.641653,0.0,161.6,90
2025-09-19 19:37:31.866776,257157980,VANNTIND,Norway,69.962142,19.624405,0.0,0.0,70
2025-09-19 19:37:31.866798,259043760,RAMSOYSUND,Norway,70.617677,24.603402,0.0,49.1,70
2025-09-19 19:37:31.866841,257837000,LOEDINGEN,Norway,68.420355,15.995618,0.0,252.4,60
2025-09-19 19:37:31.866861,257007260,VIKTOR,Norway,65.716767,12.465317,0.2,203.1,70
2025-09-19 19:37:31.866883,257610800,SVANFJELL,Norway,69.841737,18.806183,0.0,0.0,99
2025-09-19 19:37:31.866905,257007390,NINA MARI,Norway,70.070425,18.003265,7.6,232.7,30
2025-09-19 19:37:31.866940,212654000,BORIS VILKITSKY,Cyprus,66.124428,7.42596,19.0,205.2,84
2025-09-19 19:37:31.866964,259044120,STEINKJERRINGA,Norway,68.680558,17.117768,0.0,0.0,70
2025-09-19 19:37:31.866985,257309220,ANDHELLA,Norway,69.14118,15.68185,0.0,219.0,30
2025-09-19 19:37:31.867019,258290000,IDA ELISE,Norway,68.07119,13.536083,0.0,330.6,30
2025-09-19 19:37:31.867044,257007800,ROLFOYVARING,Norway,71.004698,23.89756,0.0,197.5,38
2025-09-19 19:37:31.867066,257007900,TOR ARNE,Norway,69.66111,18.993723,6.4,203.7,52
2025-09-19 19:37:31.867090,259648000,OKSNESVAERING 2,Norway,68.909782,15.068978,0.0,322.7,30
2025-09-19 19:37:31.867116,258592000,KNM MAGNUS LAGABOETE,Norway,69.479787,16.835518,8.4,224.6,35
2025-09-19 19:37:31.867145,257611500,HALLVARSON,Norway,69.543472,17.665492,0.0,0.0,30
2025-09-19 19:37:31.867177,258290500,MS DRAUG,Norway,68.78352,16.54877,0.0,115.6,33
2025-09-19 19:37:31.867198,257159200,MALMOEYA,Norway,68.784267,16.550417,0.0,0.0,35
2025-09-19 19:37:31.867223,259045000,KNM THOR HEYERDAHL,Norway,69.728915,17.005068,7.5,203.0,35
2025-09-19 19:37:31.867257,257084040,GUNNAR JARL,Norway,68.912555,15.076622,0.0,352.4,30
2025-09-19 19:37:31.867278,258819000,SNOFJELL,Norway,65.766172,12.539968,12.3,217.2,40
2025-09-19 19:37:31.867301,257310400,LOFOTFERGE 1,Norway,66.020448,12.94029,0.0,0.0,60
2025-09-19 19:37:31.867325,257536700,ASBJORN_SELSBANE,Norway,69.705063,19.026048,0.0,9.4,30
2025-09-19 19:37:31.867348,257235000,RO SPIRIT,Norway,67.847285,14.669283,9.4,234.3,90
2025-09-19 19:37:31.867369,257008720,VIKABUEN,Norway,69.259758,17.941007,0.0,66.0,30
2025-09-19 19:37:31.867394,257310500,TRANOY,Norway,68.244863,16.08398,14.3,355.8,60
2025-09-19 19:37:31.867428,257084240,OEYFJORD,Norway,70.480243,22.162367,0.0,149.9,30
2025-09-19 19:37:31.867450,255801980,DINA STAR,Madeira,67.023962,6.393875,0.5,170.6,70
2025-09-19 19:37:31.867473,259649000,MELSHORN,Norway,68.726162,16.852595,0.0,315.3,67
2025-09-19 19:37:31.867494,257009050,STEIGEN,Norway,67.875527,14.796,11.3,241.1,70
2025-09-19 19:37:31.867515,259045730,NESSVAAG1,Norway,67.526882,12.139927,0.0,0.0,40
2025-09-19 19:37:31.867538,257160020,VESTVARDEN,Norway,67.28176,14.37056,0.0,20.0,30
2025-09-19 19:37:31.867571,259423000,POLARHAV,Norway,66.866767,13.713497,0.0,85.7,30
2025-09-19 19:37:31.867593,259045890,ELDIABLO,Norway,65.851583,12.498543,0.0,338.4,70
2025-09-19 19:37:31.867616,982580054,RO SUNRISE MOB,Unknown,68.006122,15.260808,0.6,352.9,51
2025-09-19 19:37:31.867664,257914500,SKJERSTADFJORD,Norway,67.202352,15.27816,0.0,259.0,70
2025-09-19 19:37:31.867687,259046000,HS-4 SLEIPNER,Norway,69.324245,16.13716,0.0,339.1,35
2025-09-19 19:37:31.867711,257009450,ARCTIC CAPTAIN,Norway,67.11999999999999,14.308333333333334,0.0,0.0,70
2025-09-19 19:37:31.867733,257160400,OEYKONGEN,Norway,68.232168,14.566443,0.0,0.0,99
2025-09-19 19:37:31.867755,257688500,M/S HAVBOEN,Norway,67.656513,12.711088,0.0,126.9,30
2025-09-19 19:37:31.867778,258518310,BERG VIKING,Norway,69.96499999999999,20.955,0.0,355.0,70
2025-09-19 19:37:31.867800,563033300,DANCING BRAVE,Singapore,66.281972,11.5649,12.9,271.6,80
2025-09-19 19:37:31.867822,257009900,RAMSTEIN,Norway,66.488998,12.964767,0.7,287.7,60
2025-09-19 19:37:31.867844,259650000,VARDEHORN,Norway,66.187908,12.998737,9.9,180.7,60
2025-09-19 19:37:31.867866,257085540,JARL INGE,Norway,67.889842,13.026512,0.0,308.5,30
2025-09-19 19:37:31.867890,259047000,HS 5 MJOLNER,Norway,69.45709,16.79802,4.6,219.6,35
2025-09-19 19:37:31.867908,257085820,BRIM,Norway,69.624,18.91966,4.2,271.8,69
2025-09-19 19:37:31.867931,257085840,MORGENSTJERNE,Norway,68.901,15.287408,0.0,170.6,30
2025-09-19 19:37:31.867955,273529800,BORIS SYROMYATNIKOV,Russia,70.758182,20.545358,3.8,287.9,30
2025-09-19 19:37:31.867985,257010550,LEO,Norway,70.817438,27.56248,0.1,161.1,33
2025-09-19 19:37:31.868030,257010730,AQS TYR,Norway,65.435063,12.574628,6.2,358.7,70
2025-09-19 19:37:31.868054,257086180,FJORDDRONNINGEN,Norway,69.53542,18.562867,31.7,70.3,40
2025-09-19 19:37:31.868100,412549626,FU YUAN YU 8633,China,66.88833333333334,4.3,57.0,164.0,30
2025-09-19 19:37:31.868121,412549628,FUYUANYU8620,China,68.41000000000001,-3.26,60.0,234.0,30
2025-09-19 19:37:31.868145,258746000,BORGENFJORD,Norway,68.881848,16.43378,9.8,304.3,70
2025-09-19 19:37:31.868166,257991700,TORGHATTEN,Norway,65.331405,12.361702,0.0,177.1,70
2025-09-19 19:37:31.868212,258293500,SKAASKJAER,Norway,69.63269,18.005492,0.0,305.4,60
2025-09-19 19:37:31.868233,258519810,SEA MORE,Norway,67.281357,14.372828,0.0,0.0,60
2025-09-19 19:37:31.868258,259425000,FJORDKYST,Norway,69.644438,18.955672,0.0,14.3,40
2025-09-19 19:37:31.868280,273379740,FRIO FORWIN,Russia,71.272017,20.908747,3.9,243.9,70
2025-09-19 19:37:31.868304,259576000,BAATSFJORD,Norway,72.513573,24.812232,3.8,301.5,30
2025-09-19 19:37:31.868326,257086800,FJORDCRUISE,Norway,66.575272,13.003158,0.0,328.2,60
2025-09-19 19:37:31.868348,257011430,MAASVAER,Norway,69.939585,19.47435,0.3,290.7,33
2025-09-19 19:37:31.868371,211753000,MARIA S. MERIAN,Germany,67.283202,3.212178,4.5,61.1,90
2025-09-19 19:37:31.868392,257011630,FCS VEGA,Norway,65.37188,12.192703,0.0,18.1,70
2025-09-19 19:37:31.868413,259350000,ANNA-SOFIE,Norway,67.935,13.085,0.0,101.0,30
2025-09-19 19:37:31.868434,257011700,JOEFJORD,Norway,70.246417,23.394633,0.0,333.0,60
2025-09-19 19:37:31.868456,257087230,M S DANIEL,Norway,68.487857,17.33597,0.4,111.0,52
2025-09-19 19:37:31.868477,257011800,NORDIC LADY,Norway,67.26818,13.990007,21.7,71.1,60
2025-09-19 19:37:31.868499,257162700,AASE ELISABETH,Norway,68.681683,17.059693,0.0,0.0,70
2025-09-19 19:37:31.868521,257011920,OLE SENIOR,Norway,66.022205,12.24085,0.0,208.1,70
2025-09-19 19:37:31.868555,257012000,KNM STORM,Norway,68.306103,15.55167,42.8,109.3,35
2025-09-19 19:37:31.868577,257238320,SANDVIKNES,Norway,69.754683,19.677155,0.0,73.4,30
2025-09-19 19:37:31.868598,257087470,LOFOTJENTA,Norway,67.406855,13.905233,0.0,218.5,99
2025-09-19 19:37:31.868621,257087560,AASVAERKONGEN,Norway,66.167352,12.570708,0.1,358.1,40
2025-09-19 19:37:31.868668,257012430,BREITIND,Norway,66.676638,13.31294,0.0,58.1,70
2025-09-19 19:37:31.868692,257087930,KVANNHOLMEN,Norway,68.878197,15.080065,0.0,182.6,79
2025-09-19 19:37:31.868713,259200000,OLE OSKAR,Norway,68.676247,17.118387,0.0,130.3,30
2025-09-19 19:37:31.868737,273532110,KURSHSKAYA KOSA,Russia,70.72095,20.569467,4.0,81.1,30
2025-09-19 19:37:31.868760,257842500,SKOMVAERFISK,Norway,68.240167,14.580167,0.0,0.0,30
2025-09-19 19:37:31.868780,257540800,LOS 124,Norway,68.468115,15.092105,22.3,98.9,50
2025-09-19 19:37:31.868801,257088220,ELDORADO,Norway,66.582537,12.230532,0.0,310.9,70
2025-09-19 19:37:31.868836,257088310,LOFOTVAERING II,Norway,68.24111,14.580663,0.0,150.3,30
2025-09-19 19:37:31.868856,259125000,LOTE,Norway,68.240397,16.202917,11.8,78.6,60
2025-09-19 19:37:31.868878,257013000,STRIL POLAR,Norway,65.822692,7.718145,0.6,270.1,70
2025-09-19 19:37:31.868921,257088500,HAVSULA,Norway,69.936915,20.916423,0.1,0.0,90
2025-09-19 19:37:31.868943,257767490,OEYGUTT,Norway,66.369363,12.593687,0.1,0.0,30
2025-09-19 19:37:31.868966,257013190,SANDHORNET,Norway,67.122597,14.044047,0.0,0.0,70
2025-09-19 19:37:31.868992,257013250,NORDENSKIOLD EXPRESS,Norway,78.228085,15.609817,0.0,0.0,90
2025-09-19 19:37:31.869026,231065001,FRB SJOBORG,Faroe Islands,70.667955,23.664985,0.2,0.0,51
2025-09-19 19:37:31.869049,257088720,FROY SKULD,Norway,69.475272,18.075927,0.0,313.1,56
2025-09-19 19:37:31.869082,255806445,VASCO DA GAMA,Madeira,70.937267,21.4438,11.1,62.1,60
2025-09-19 19:37:31.869104,255806463,WILSON FLEX IV,Madeira,67.250192,15.422975,0.0,115.2,70
2025-09-19 19:37:31.869138,257390700,FJORDFUGLEN,Norway,70.97942,25.975112,0.0,275.3,60
2025-09-19 19:37:31.869173,257089140,EAGLE BLANE,Norway,65.865815,7.138617,11.8,204.7,80
2025-09-19 19:37:31.869208,257089390,FJORDPRINSEN,Norway,68.827783,16.651083,31.4,51.3,40
2025-09-19 19:37:31.869229,257089430,STORHOLMEN,Norway,70.246633,22.867365,0.1,0.0,70
2025-09-19 19:37:31.869263,257617500,SOLSTRAND,Norway,69.672402,18.747165,0.0,347.5,30
2025-09-19 19:37:31.869284,257843800,SAGFJORD,Norway,67.634675,15.262337,0.0,332.2,70
2025-09-19 19:37:31.869311,257014160,SIGRID SIGURDSDOTTER,Norway,65.655022,12.016565,0.0,315.4,40
2025-09-19 19:37:31.869333,257089640,JAN GUNNAR,Norway,70.857493,29.08945,0.1,320.9,30
2025-09-19 19:37:31.869355,257617700,MARGARETH,Norway,70.857878,29.097762,0.0,53.9,30
2025-09-19 19:37:31.869379,257994900,OV LYNGOY,Norway,70.073502,29.746457,0.0,0.0,90
2025-09-19 19:37:31.869410,257089790,KONGSFJORD,Norway,73.09317,32.162758,9.2,251.2,30
2025-09-19 19:37:31.869433,258674000,OV SKOMVAER,Norway,68.795472,16.544343,0.0,270.7,90
2025-09-19 19:37:31.869454,273534110,LIRA,Russia,70.75195,20.82125,4.1,262.0,30
2025-09-19 19:37:31.869475,258372500,FJORD II,Norway,69.908597,20.164122,0.0,63.8,70
2025-09-19 19:37:31.869509,257090260,KVAROEYVAERING,Norway,66.589083,12.846617,0.2,330.9,60
2025-09-19 19:37:31.869531,257014990,LANDFALL1,Norway,70.132477,19.994105,0.0,0.0,70
2025-09-19 19:37:31.869552,257090430,BEN HUR,Norway,70.90456,29.211713,8.1,210.6,30
2025-09-19 19:37:31.869606,257995800,GLIMT II,Norway,66.489097,12.96575,0.0,98.3,70
2025-09-19 19:37:31.869629,257317000,GADUS NEPTUN,Norway,71.694102,25.001025,3.7,6.2,30
2025-09-19 19:37:31.869650,257996000,MARTIN H,Norway,69.782267,19.262267,11.0,72.0,70
2025-09-19 19:37:31.869672,257543500,ANN-BRITA,Norway,67.938247,13.075245,0.0,266.9,30
2025-09-19 19:37:31.869696,257920700,HAVBRUKSSERVICE,Norway,69.33609,17.095287,0.0,307.0,70
2025-09-19 19:37:31.869719,258147000,SAGA POLARIS,Norway,68.238538,14.582838,0.0,276.2,30
2025-09-19 19:37:31.869739,257166400,KYSTFISK,Norway,68.909595,15.076387,0.0,223.7,30
2025-09-19 19:37:31.869761,257317400,MELFJORD,Norway,67.29234,14.398403,0.0,267.6,60
2025-09-19 19:37:31.869782,257770000,MELOYFJORD,Norway,66.793532,13.445048,0.0,354.1,30
2025-09-19 19:37:31.869803,258373500,AURORA,Norway,69.874038,19.418105,0.7,169.2,33
2025-09-19 19:37:31.869826,982586740,OV SKOMVAER 2,Unknown,68.795357,16.54408,0.1,0.0,33
2025-09-19 19:37:31.869847,258072000,KV JARL,Norway,69.310523,16.196178,0.0,250.8,55
2025-09-19 19:37:31.869866,257468600,GOLNES,Norway,70.073682,29.740188,0.2,327.8,30
2025-09-19 19:37:31.869891,259279000,STEINAR HALTBAKK,Norway,66.221863,12.874133,8.8,201.8,81
2025-09-19 19:37:31.869911,257619600,ANNABELL,Norway,70.621812,29.692068,0.1,0.0,70
2025-09-19 19:37:31.869947,257016340,TENNESVAERING,Norway,69.489325,17.48509,0.0,0.0,30
2025-09-19 19:37:31.869981,210400000,SEAPIPER,Cyprus,66.07948,8.063088,0.3,98.9,33
2025-09-19 19:37:31.870001,257091810,ROAR K,Norway,70.635165,29.729403,0.0,346.0,30
2025-09-19 19:37:31.870023,231219000,BILLEFJORD,Norway,78.228322,15.608187,0.0,342.4,60
2025-09-19 19:37:31.870047,257016650,SARA KARIN,Norway,74.894692,19.402262,1.6,250.0,30
2025-09-19 19:37:31.870068,257167540,BOY-ANGEL,Norway,70.48334,22.163403,0.0,353.8,30
2025-09-19 19:37:31.870090,259506000,SVEASUND,Norway,66.071433,13.001473,0.0,97.5,79
2025-09-19 19:37:31.870123,257922000,SENJAFISK,Norway,69.673073,18.980455,0.0,309.0,30
2025-09-19 19:37:31.870145,257016900,MYLINGEN,Norway,70.577015,24.082425,0.0,204.3,70
2025-09-19 19:37:31.870166,259657000,PELAGIA HAV,Norway,71.04284,25.893463,0.0,117.2,73
2025-09-19 19:37:31.870189,257545000,WILSON PORTO,Norway,67.332267,13.436207,10.9,230.3,70
2025-09-19 19:37:31.870223,257168000,VALDIMAR H,Norway,70.995785,25.964645,0.0,345.8,30
2025-09-19 19:37:31.870255,258375000,RO CHIEF,Norway,70.4424,22.041315,6.1,72.3,70
2025-09-19 19:37:31.870277,257319000,SILVER STAR,Norway,68.308602,-6.722823,12.3,253.6,70
2025-09-19 19:37:31.870311,257771700,AQS MARINE,Norway,70.479132,23.628715,0.0,0.0,34
2025-09-19 19:37:31.870333,257922600,THOR ARILD,Norway,71.12888,25.886542,5.8,18.9,30
2025-09-19 19:37:31.870364,304011026,THEBE,Antigua and Barbuda,66.176503,12.811433,10.3,319.2,70
2025-09-19 19:37:31.870386,250002443,ARKLOW FOREST,Ireland,66.805597,13.920215,3.6,84.5,70
2025-09-19 19:37:31.870406,258149000,MALANGEN,Norway,68.446487,14.843308,13.6,5.8,60
2025-09-19 19:37:31.870429,258828000,OV BOEKFJORD,Norway,69.6258,18.024692,9.0,303.7,90
2025-09-19 19:37:31.870450,231522000,HAV ATLANTIC,Faroe Islands,68.912537,15.065772,0.0,134.0,70
2025-09-19 19:37:31.870471,257017910,JOHN B,Norway,70.66903,23.666718,0.0,1.4,70
2025-09-19 19:37:31.870493,257470500,FROEYBANKEN,Norway,67.933935,13.082958,3.9,128.2,30
2025-09-19 19:37:31.870512,257093370,SENJA,Norway,71.451165,19.813767,2.8,161.4,30
2025-09-19 19:37:31.870531,257847700,AKTIV,Norway,70.631248,21.983817,0.3,229.1,20
2025-09-19 19:37:31.870553,257093390,RAMNTINDEN,Norway,69.445138,17.993477,0.0,119.9,52
2025-09-19 19:37:31.870574,258074000,GULLHOLMEN,Norway,70.995698,24.662458,0.0,179.4,30
2025-09-19 19:37:31.870599,257546000,WILSON PARNU,Norway,65.051577,9.229173,9.0,211.3,79
2025-09-19 19:37:31.870621,257018000,FOSNASUND,Norway,68.668073,14.91932,0.0,259.9,31
2025-09-19 19:37:31.870655,257998700,HOLMSUND,Norway,67.286297,14.384768,0.0,0.0,70
2025-09-19 19:37:31.870677,257093560,HEKKINGEN,Norway,69.508045,17.907475,0.0,181.9,33
2025-09-19 19:37:31.870697,257244500,BORG FIX,Norway,69.672918,18.97933,0.0,268.7,52
2025-09-19 19:37:31.870731,257999000,HELENE H,Norway,69.990633,20.319937,8.1,70.7,79
2025-09-19 19:37:31.870753,273537800,KARACHAROVO,Russia,75.590387,14.256753,6.2,156.4,30
2025-09-19 19:37:31.870785,258301000,ODDOEY,Norway,66.12106,12.768407,8.7,43.4,70
2025-09-19 19:37:31.870820,257094290,BORG PARAT,Norway,68.800952,16.547992,0.0,316.3,52
2025-09-19 19:37:31.870839,257094300,NORA,Norway,65.107385,12.440718,0.1,320.7,70
2025-09-19 19:37:31.870864,257094310,HALOY  VIKINGSON,Norway,69.954827,21.883337,0.0,352.0,79
2025-09-19 19:37:31.870887,257471500,HELMER HANSSEN,Norway,76.601442,13.794907,3.0,317.4,90
2025-09-19 19:37:31.870920,273613930,BELOYE MORE,Russia,75.88166666666666,14.1,3.0,340.0,30
2025-09-19 19:37:31.870942,257170000,FROY HARVEST,Norway,68.807647,16.543703,0.0,270.8,70
2025-09-19 19:37:31.870963,257019140,OEYKRAFT,Norway,70.670412,23.674623,0.0,283.9,34
2025-09-19 19:37:31.870985,257848900,FAGDYKK MULTI,Norway,69.835362,19.613118,7.2,247.6,34
2025-09-19 19:37:31.871006,258301500,LONGYEAR 2,Norway,78.229003,15.602243,0.1,37.2,53
2025-09-19 19:37:31.871027,257396400,TRONDENES,Norway,66.205853,12.966743,8.7,357.1,60
2025-09-19 19:37:31.871048,257094710,OKSTIND,Norway,66.53384,12.886007,0.7,207.6,70
2025-09-19 19:37:31.871068,258000010,KARI,Norway,65.09172,12.37581,7.5,30.1,60
2025-09-19 19:37:31.871090,257472000,STRIL BARENTS,Norway,70.628595,23.642045,0.0,286.9,70
2025-09-19 19:37:31.871124,982590450,RHIB F314,Unknown,69.338525,16.228037,4.9,30.6,35
2025-09-19 19:37:31.871144,257547700,LEISKJER,Norway,67.571803,15.12533,0.1,174.8,70
2025-09-19 19:37:31.871166,257396900,ARNOEYSUND,Norway,66.408697,12.887747,0.0,188.0,70
2025-09-19 19:37:31.871188,258000520,SKARVEN,Norway,71.018092,28.225587,17.8,238.8,60
2025-09-19 19:37:31.871221,257699000,GROTANGER,Norway,68.790497,16.912982,0.0,297.5,70
2025-09-19 19:37:31.871245,257774500,M/S KROGH SENIOR,Norway,68.23904,13.631692,0.0,299.7,30
2025-09-19 19:37:31.871269,257246500,R/S DAGFINN PAUST,Norway,69.323722,16.133728,0.0,293.5,51
2025-09-19 19:37:31.871296,257020230,FLEINAMANNEN,Norway,67.122735,14.043522,0.0,0.0,40
2025-09-19 19:37:31.871317,258529000,MASBOEN,Norway,68.234602,14.572722,0.1,210.8,99
2025-09-19 19:37:31.871340,257548500,VESTSKJAER,Norway,68.571387,14.88586,0.0,96.9,30
2025-09-19 19:37:31.871383,257548600,ANDOPSVAERING,Norway,68.071402,13.535607,0.0,44.0,30
2025-09-19 19:37:31.871426,257247000,DOGGI,Norway,71.011738,24.753663,11.5,288.7,30
2025-09-19 19:37:31.871449,257096150,VETTOEY,Norway,68.33996,15.381832,0.1,220.9,70
2025-09-19 19:37:31.871483,257850500,THEA ELISE,Norway,69.705002,19.02491,0.0,0.0,30
2025-09-19 19:37:31.871505,257548800,NAUTILUS MULTI,Norway,65.998973,12.273645,0.0,351.6,77
2025-09-19 19:37:31.871550,257020890,WILE E. COYOTE,Norway,68.779338,17.181497,0.0,99.2,70
2025-09-19 19:37:31.871596,259963000,SOEROEYFISK,Norway,70.978123,25.963038,0.0,311.4,30
2025-09-19 19:37:31.871617,258001800,KVITVAER,Norway,69.975313,20.666495,0.0,316.1,33
2025-09-19 19:37:31.871637,257851000,SKROVA,Norway,68.783702,16.71337,10.9,6.8,70
2025-09-19 19:37:31.871658,259058000,ASGARD B,Norway,65.11,6.79,0.0,342.0,99
2025-09-19 19:37:31.871680,258002030,MOEN NAMDAL,Norway,70.283265,23.400657,0.0,246.2,70
2025-09-19 19:37:31.871701,257021600,BREITIND,Norway,66.13361,12.850372,0.0,356.0,70
2025-09-19 19:37:31.871722,258002250,KV MOB 2218,Norway,69.326642,16.139425,0.5,0.0,35
2025-09-19 19:37:31.871742,258002260,KV MOB 2219,Norway,68.703227,15.41887,0.1,0.0,35
2025-09-19 19:37:31.871762,257323400,BASEN,Norway,69.67049,18.99334,0.1,359.8,70
2025-09-19 19:37:31.871782,258002330,KV MOB 2220,Norway,67.285287,14.379403,0.1,0.0,35
2025-09-19 19:37:31.871814,257549800,STIAN-ANDRE,Norway,69.909828,20.163035,0.0,6.7,30
2025-09-19 19:37:31.871836,258002430,FROY HILD,Norway,70.817728,27.493118,0.5,132.4,56
2025-09-19 19:37:31.871868,257399000,NOR SLEP,Norway,68.97405,15.644777,0.0,12.0,31
2025-09-19 19:37:31.871899,257851700,FALK,Norway,68.78502,16.54239,1.2,261.1,53
2025-09-19 19:37:31.871920,257021970,EINARSON,Norway,69.509322,17.902542,0.0,0.0,30
2025-09-19 19:37:31.871941,257701000,FOLLA,Norway,70.837567,27.28606,14.3,69.6,79
2025-09-19 19:37:31.871964,257776500,STRANDFLAESA,Norway,70.9798,25.97572,0.0,0.0,30
2025-09-19 19:37:31.871998,257927500,STORMFUGLEN,Norway,70.007543,20.954302,0.1,86.7,30
2025-09-19 19:37:31.872031,258154000,SORKAPP,Norway,72.16666666666667,27.973333333333336,3.0,178.0,30
2025-09-19 19:37:31.872054,257022700,MELOYTIND,Norway,67.134653,13.976982,8.7,204.6,60
2025-09-19 19:37:31.872077,257098320,KARL VIKTOR,Norway,68.154795,14.20806,0.0,11.8,30
2025-09-19 19:37:31.872099,257701800,VAAGAKALLEN,Norway,67.142667,14.27675,0.0,0.0,79
2025-09-19 19:37:31.872122,258607000,NORMAND VISION,Norway,65.11666666666666,6.793333333333334,0.0,202.0,99
2025-09-19 19:37:31.872143,257098420,HERMES II,Norway,69.651263,18.960625,0.0,189.1,60
2025-09-19 19:37:31.872167,258154500,FJORD EXPLORER,Norway,66.656523,13.077403,0.0,0.0,60
2025-09-19 19:37:31.872188,257626600,TROLLTIND,Norway,68.941823,16.672127,0.0,42.2,99
2025-09-19 19:37:31.872221,325137500,MS FARM,Dominica,78.165433,14.354365,7.1,258.1,90
2025-09-19 19:37:31.872242,257023310,STADDA,Norway,67.925,16.223617,16.7,184.5,69
2025-09-19 19:37:31.872265,257928600,KORSVIKTIND,Norway,67.122797,14.046098,0.0,0.0,70
2025-09-19 19:37:31.872284,319027800,ZCYR9,Cayman Islands,65.901897,10.767838,11.6,40.4,36
2025-09-19 19:37:31.872316,257928800,RS KLAVENESS MARINE,Norway,70.029277,20.97539,0.0,343.3,51
2025-09-19 19:37:31.872337,258306000,TROMSBAS,Norway,69.634943,18.93503,0.0,4.1,30
2025-09-19 19:37:31.872356,257778000,BODOE,Norway,67.475842,12.085297,15.7,333.4,60
2025-09-19 19:37:31.872378,257023700,AKKARFJORD,Norway,70.601783,23.617652,0.0,328.5,60
2025-09-19 19:37:31.872399,257250000,ROEDHOLMEN,Norway,68.417177,15.9957,0.0,40.0,30
2025-09-19 19:37:31.872420,265472000,STOCKHOLM,Sweden,78.416407,15.805733,9.4,206.5,70
2025-09-19 19:37:31.872441,258381500,ODD KAARE,Norway,70.99439,24.660315,0.0,77.1,70
2025-09-19 19:37:31.872465,259664000,LOVUND EXPRESS,Norway,66.580667,12.208122,25.0,36.7,40
2025-09-19 19:37:31.872488,257702800,BEKKEBAATEN,Norway,68.965035,16.255097,0.0,215.6,33
2025-09-19 19:37:31.872509,257099400,KVALSOEY,Norway,68.734798,15.515467,0.0,2.5,70
2025-09-19 19:37:31.872565,538004905,TO.SPITSBERGEN,Norway,65.14333333333333,7.431666666666667,0.0,243.0,99
2025-09-19 19:37:31.872588,257703500,DOENNING,Norway,69.50896,17.904182,0.0,53.7,30
2025-09-19 19:37:31.872611,273845800,VASILIY GOLOVNIN,Russia,74.7184,15.918705,5.9,342.0,30
2025-09-19 19:37:31.872637,258005500,RS GJERT WILHELMSEN,Norway,70.630475,21.975197,0.0,35.6,51
2025-09-19 19:37:31.872658,257024960,STJERNOY,Norway,70.747108,25.67026,0.0,0.0,70
2025-09-19 19:37:31.872693,257704000,MAGNE ARVESEN,Norway,69.626827,18.944702,0.0,295.9,30
2025-09-19 19:37:31.872715,231605000,KONGSBORG,Faroe Islands,70.635322,23.665325,0.0,244.5,90
2025-09-19 19:37:31.872761,258685000,RO NORTH,Norway,67.142122,14.277532,0.0,309.4,90
2025-09-19 19:37:31.872782,257629000,BIOSTAR,Norway,69.163628,16.760018,10.7,24.1,70
2025-09-19 19:37:31.872817,258534410,BORGSKJAER,Norway,65.680413,12.13097,0.1,0.0,79
2025-09-19 19:37:31.872839,258006500,FOSNASKARV,Norway,66.021577,12.625682,0.0,303.5,56
2025-09-19 19:37:31.872863,258610000,FROEY CHALLENGER,Norway,66.676292,13.313987,0.0,191.1,70
2025-09-19 19:37:31.872887,257629500,NYGAARD SENIOR,Norway,68.129595,13.43802,0.1,239.9,30
2025-09-19 19:37:31.872910,259968000,VIKING LADY,Norway,66.024817,12.66689,0.0,128.3,70
2025-09-19 19:37:31.872938,258006830,BUKKHOLMEN,Norway,66.33931,13.005958,0.0,119.1,90
2025-09-19 19:37:31.872970,257101730,BORTIND,Norway,66.655508,13.06625,6.4,57.9,99
2025-09-19 19:37:31.872991,257101740,STROMOYGUTT,Norway,66.86674,13.713103,0.0,0.0,30
2025-09-19 19:37:31.873016,257101940,AAGE STEINAR,Norway,67.506437,12.070945,0.0,0.0,30
2025-09-19 19:37:31.873038,277544000,TAURUS,Lithuania,81.47333333333333,32.88,2.0,57.0,30
2025-09-19 19:37:31.873083,257026930,BRENNSUND,Norway,65.955517,12.431,9.7,209.9,70
2025-09-19 19:37:31.873103,259139000,NORDLYS,Norway,65.056588,11.740562,14.5,210.9,60
2025-09-19 19:37:31.873138,258007770,STOKKAFJORD,Norway,65.717153,12.458368,12.1,0.5,60
2025-09-19 19:37:31.873170,258007930,STEINSOY,Norway,65.001183,11.673082,0.0,0.0,60
2025-09-19 19:37:31.873192,258536000,ANKERFISK,Norway,65.54,7.369333,2.5,240.0,90
2025-09-19 19:37:31.873219,258159000,AURORA GALAXY,Norway,71.534868,21.291152,0.4,323.7,79
2025-09-19 19:37:31.873246,258008340,ADVENT SUPPLIER,Norway,78.227973,15.610265,0.0,61.6,53
2025-09-19 19:37:31.873267,246920000,HEBO-LIFT 10,Netherlands,69.543287,19.039222,0.0,303.8,99
2025-09-19 19:37:31.873288,258008390,MJOELNER,Norway,66.489058,12.965072,0.0,330.0,70
2025-09-19 19:37:31.873310,257480500,STRAUMFJORD,Norway,68.912935,15.0736,0.0,0.0,70
2025-09-19 19:37:31.873347,257631500,JOHN IVAR,Norway,66.907347,13.601102,0.0,204.8,30
2025-09-19 19:37:31.873370,257254500,GERD STENSEN,Norway,68.133428,13.611712,0.0,173.3,33
2025-09-19 19:37:31.873402,257254600,SNOEGGEN,Norway,68.878083,15.080003,0.0,73.2,33
2025-09-19 19:37:31.873423,257028310,RO FORTUNE,Norway,67.940868,15.500822,0.0,352.7,30
2025-09-19 19:37:31.873455,259593000,SJERNAROY,Norway,66.02169,12.622645,0.0,205.1,60
2025-09-19 19:37:31.873478,257103840,STAR VIKING,Norway,69.115193,17.592057,7.2,65.2,30
2025-09-19 19:37:31.873514,257405900,STOLT AQUARIUS,Norway,67.442075,15.482048,0.0,195.9,70
2025-09-19 19:37:31.873537,258009430,STRAUMVAERING,Norway,68.071562,13.531218,0.0,56.5,30
2025-09-19 19:37:31.873558,257104330,FOSNAHAV,Norway,70.665018,23.683607,0.1,352.0,90
2025-09-19 19:37:31.873577,273397450,ESTER,Russia,70.639535,19.913997,4.7,81.5,30
2025-09-19 19:37:31.873600,257858700,BJOERNTIND,Norway,66.66854,13.391632,0.0,298.0,70
2025-09-19 19:37:31.873623,257029000,EYR BREMSTEIN,Norway,65.596652,12.310003,29.6,7.0,58
2025-09-19 19:37:31.873657,258311500,NOVA VIKING,Norway,66.786295,13.514162,0.2,0.0,52
2025-09-19 19:37:31.873680,257029360,SKEISTIND,Norway,67.573025,15.125418,0.0,46.1,70
2025-09-19 19:37:31.873712,259217000,ARIEL H,Norway,67.655113,12.720442,0.0,310.9,30
2025-09-19 19:37:31.873743,257105000,G.O.SARS,Norway,76.425605,25.998692,11.4,264.0,70
2025-09-19 19:37:31.873776,257105040,STIG INGE,Norway,69.324197,16.120247,0.0,258.0,30
2025-09-19 19:37:31.873797,257029650,STORTIND,Norway,66.24379,12.72924,0.0,0.0,56
2025-09-19 19:37:31.873819,257029690,EMMA KRISTINE,Norway,69.431205,18.149698,3.3,201.1,70
2025-09-19 19:37:31.873840,257029700,VIKINGEN,Norway,66.021253,12.644345,0.0,209.3,69
2025-09-19 19:37:31.873872,257029710,POSEIDON,Norway,68.415253,16.568303,0.0,327.3,70
2025-09-19 19:37:31.873894,257029770,HEIMDALL,Norway,66.509445,13.017657,0.0,0.0,70
2025-09-19 19:37:31.873914,257029810,MIRIAM,Norway,65.19042,12.669567,0.1,28.3,79
2025-09-19 19:37:31.873950,257708900,KVAROYFJORD,Norway,66.48926,12.965133,0.0,0.0,33
2025-09-19 19:37:31.873970,304099000,CELINA,Antigua and Barbuda,71.528818,27.604463,10.6,104.5,79
2025-09-19 19:37:31.873992,257633600,GUNN EMILIE,Norway,68.925532,17.12625,0.0,13.4,70
2025-09-19 19:37:31.874051,538010958,LOWLANDS CONCORD,Marshall Islands,65.610577,9.074713,12.9,35.5,70
2025-09-19 19:37:31.874072,257784800,LYNET II,Norway,68.92564,17.126493,0.1,0.0,40
2025-09-19 19:37:31.874095,257935700,SPON SUPERIOR,Norway,68.18824,16.107977,0.0,0.0,70
2025-09-19 19:37:31.874116,257181400,FLEKKEROY,Norway,67.573062,15.129158,0.0,46.0,70
2025-09-19 19:37:31.874136,258011160,HAUKOEY,Norway,69.92988,20.959005,0.1,181.2,70
2025-09-19 19:37:31.874156,257106000,KARINE H,Norway,80.462888,29.822032,2.4,314.6,30
2025-09-19 19:37:31.874177,257030600,INGVALDSON,Norway,70.625402,29.69937,0.1,347.0,30
2025-09-19 19:37:31.874211,257785000,NORBJORN,Norway,73.05833333333334,18.9,9.0,181.0,70
2025-09-19 19:37:31.874234,257030740,FESKARGUTTEN,Norway,68.298245,13.714935,0.0,114.5,30
2025-09-19 19:37:31.874256,257030760,SJOSTJERNA,Norway,66.01075,12.378703,0.0,352.8,70
2025-09-19 19:37:31.874288,259520000,HAVILA TROLL,Norway,65.14666666666668,7.126666666666667,0.0,344.0,51
2025-09-19 19:37:31.874310,257332620,HARALD BERGE,Norway,68.91184,15.078195,0.0,0.0,99
2025-09-19 19:37:31.874335,258615000,TRANSOCEAN ENABLER,Norway,72.485742,20.34269,0.0,189.6,99
2025-09-19 19:37:31.874356,231837000,HAV SKANDIC,Faroe Islands,68.76281,16.785417,10.6,206.4,90
2025-09-19 19:37:31.874381,257031010,BRANNBAAT TROMSOE,Norway,69.69435,19.017823,0.0,0.0,51
2025-09-19 19:37:31.874402,257031020,STIG HARRY,Norway,65.004002,11.04399,0.0,317.4,70
2025-09-19 19:37:31.874419,258238000,NORDFISK,Norway,67.288977,14.371305,0.0,121.1,30
2025-09-19 19:37:31.874439,257634800,VARPEN        _,Norway,68.865525,16.667725,0.1,0.0,99
2025-09-19 19:37:31.874455,244057240,ZEEWOLF,Netherlands,69.546955,19.069042,5.4,125.3,99
2025-09-19 19:37:31.874474,308928000,SCARABEO 8,Bahamas,65.823158,7.715572,0.3,140.0,90
2025-09-19 19:37:31.874492,257031510,BALLSTADOEY,Norway,70.633245,29.720363,0.1,336.3,30
2025-09-19 19:37:31.874510,258691000,HEROYSUND,Norway,66.393633,12.824678,3.8,274.6,60
2025-09-19 19:37:31.874547,257107120,ROSKJAER,Norway,70.029055,18.692188,0.0,264.7,30
2025-09-19 19:37:31.874564,257333420,KVALUNGEN,Norway,70.284608,30.996435,0.0,0.0,30
2025-09-19 19:37:31.874582,257258000,REINEFANGST,Norway,67.935758,13.07771,0.0,173.0,30
2025-09-19 19:37:31.874599,258993000,MERCATOR,Norway,69.2188,17.974352,10.0,324.0,79
2025-09-19 19:37:31.874616,258465000,TROLLFJORD,Norway,69.337488,17.110235,0.0,356.9,60
2025-09-19 19:37:31.874655,258012500,BRATTHOLMEN,Norway,65.851557,12.498787,0.0,175.6,70
2025-09-19 19:37:31.874683,258088000,BRAGE,Norway,70.047558,20.644138,30.3,154.2,40
2025-09-19 19:37:31.874707,259295000,EIDVAAGFISK,Norway,70.667245,23.66156,0.0,133.3,30
2025-09-19 19:37:31.874725,257032130,VARHOLMEN,Norway,65.883287,11.932993,0.1,46.9,79
2025-09-19 19:37:31.874744,257032310,HELNESSUND,Norway,68.863923,15.089032,0.0,0.0,52
2025-09-19 19:37:31.874760,257409500,HAAKON JR.,Norway,68.129865,13.437758,0.0,303.8,30
2025-09-19 19:37:31.874779,258541000,BERG SENIOR,Norway,69.322997,16.134852,0.0,196.5,30
2025-09-19 19:37:31.874804,257786700,RAMOEN,Norway,71.478465,19.999412,3.4,85.3,30
2025-09-19 19:37:31.874821,257032420,ARCTIC DIVE,Norway,69.973657,20.667087,0.0,258.7,70
2025-09-19 19:37:31.874852,257258900,NORDLANDSJ BROEDRENE,Norway,68.499748,14.802563,0.0,0.0,60
2025-09-19 19:37:31.874871,259371000,NORDNORGE,Norway,68.12085,13.840145,0.0,107.0,60
2025-09-19 19:37:31.874888,412420561,HANYI36,China,78.55666666666666,32.10666666666667,36.0,46.0,30
2025-09-19 19:37:31.874905,257259000,BOA BIRK,Norway,66.807528,13.92457,0.5,348.4,52
2025-09-19 19:37:31.874932,259522000,MOERETIND,Norway,68.655043,14.375385,7.2,165.6,70
2025-09-19 19:37:31.874959,258013490,MOEN ARTIC,Norway,65.54603,12.122548,0.0,11.6,70
2025-09-19 19:37:31.875006,273250820,KORD BARENTS,Russia,75.065,23.27,7.0,122.0,80
2025-09-19 19:37:31.875026,258315500,HANSEVIK RESPONSE,Norway,69.72853,30.066718,0.0,0.0,52
2025-09-19 19:37:31.875060,412421098,DONGYU1527,China,76.98,-1.24,17.0,437.0,30
2025-09-19 19:37:31.875078,412421136,XIN SHI JI 66,China,73.29166666666667,-1.7466666666666666,0.0,435.0,30
2025-09-19 19:37:31.875096,258013980,VIKINGEN,Norway,66.509292,13.017338,0.0,0.0,90
2025-09-19 19:37:31.875113,257184340,KRYSSHOLM,Norway,71.5214,32.84674,1.3,208.5,30
2025-09-19 19:37:31.875140,257410800,JOHANNE MK,Norway,70.85783,29.096358,0.1,0.0,30
2025-09-19 19:37:31.875157,257033650,STORFJELL,Norway,70.229363,23.397543,0.0,0.0,70
2025-09-19 19:37:31.875177,258994870,SOMMERPATRULJE 7,Norway,68.803182,16.54948,0.1,3.8,51
2025-09-19 19:37:31.875203,257033700,KVITHOLM,Norway,65.928402,12.96335,9.1,209.9,60
2025-09-19 19:37:31.875224,257938900,ANNE BRO,Norway,68.23455,14.572183,0.0,208.3,60
2025-09-19 19:37:31.875241,257033730,ROERVIKNES,Norway,67.766722,15.24725,0.5,307.8,99
2025-09-19 19:37:31.875258,273326830,KHOLMOGORY,Russia,75.52333333333333,14.161666666666669,3.0,171.0,30
2025-09-19 19:37:31.875276,257410900,TORE HUND,Norway,68.840328,16.333795,0.0,0.0,70
2025-09-19 19:37:31.875292,257863500,SENJAHAV,Norway,69.003317,17.44219,0.0,0.0,30
2025-09-19 19:37:31.875310,667001255,CENTURION,Sierra Leone,66.740383,6.946067,11.5,219.0,80
2025-09-19 19:37:31.875329,257033780,BALLSTADVAERING,Norway,68.071465,13.535825,0.0,349.0,30
2025-09-19 19:37:31.875347,273251530,ANTARKTIKA,Russia,71.682173,24.497668,9.5,261.0,80
2025-09-19 19:37:31.875366,877227639,VENNESUND BAT 4,Norway,65.216292,12.039755,0.0,289.6,90
2025-09-19 19:37:31.875383,258014560,SHELDON,Norway,66.211107,12.975183,28.8,124.0,90
2025-09-19 19:37:31.875410,877227672,VENNESUND BAT 7,Norway,65.216352,12.039848,0.0,164.9,90
2025-09-19 19:37:31.875429,257260500,ARNOYTRANS,Norway,68.788597,16.551705,0.0,0.0,70
2025-09-19 19:37:31.875456,257939500,BJOERNTIND,Norway,68.131462,13.426792,0.0,43.0,30
2025-09-19 19:37:31.875474,258015000,BREIDTIND,Norway,71.468208,19.981942,12.2,54.1,30
2025-09-19 19:37:31.875492,219017214,ESVAGT AURORA,Denmark,71.344473,22.397532,0.3,93.1,99
2025-09-19 19:37:31.875509,257185420,OYSKJAER,Norway,69.90951,20.1633,0.0,0.0,30
2025-09-19 19:37:31.875536,258317000,T/B LUPUS,Norway,69.650052,18.96354,0.0,237.9,52
2025-09-19 19:37:31.875552,257034780,BOLT,Norway,69.231472,18.008852,0.1,0.0,60
2025-09-19 19:37:31.875569,257034930,HERMANN JR,Norway,65.001783,11.726052,0.0,203.0,70
2025-09-19 19:37:31.875587,257034960,SJUNKHATTEN,Norway,67.483015,15.459188,0.1,0.0,40
2025-09-19 19:37:31.875608,257563000,RONJA SKILSOY,Norway,69.980258,23.334022,0.0,111.5,70
2025-09-19 19:37:31.875626,257487600,BJORNSON,Norway,70.670068,23.669017,0.0,212.5,30
2025-09-19 19:37:31.875653,259826000,VIKNATRANS,Norway,65.99046,12.497577,10.7,36.3,90
2025-09-19 19:37:31.875671,258317500,MONICA,Norway,68.583343,14.914137,0.1,307.0,70
2025-09-19 19:37:31.875689,257789500,REINSBAAEN,Norway,68.776653,14.464777,0.0,354.5,30
2025-09-19 19:37:31.875706,259449000,SVEBAAEN,Norway,70.071583,29.744328,0.0,19.0,30
2025-09-19 19:37:31.875724,257035380,GUTTORM,Norway,65.893315,12.393087,0.1,0.0,40
2025-09-19 19:37:31.875742,257035410,MADS KRISTIAN,Norway,70.231588,22.354477,0.0,340.1,70
2025-09-19 19:37:31.875758,265182000,ODEN,Sweden,78.21676,14.71417,10.8,241.5,90
2025-09-19 19:37:31.875779,257035500,RS169 ODD FELLOW III,Norway,67.282035,14.372437,0.0,136.8,51
2025-09-19 19:37:31.875797,258695000,HUSOEY,Norway,66.501993,12.159673,14.3,294.2,60
2025-09-19 19:37:31.875813,257035540,KOVEN,Norway,70.626347,23.103832,0.1,242.3,79
2025-09-19 19:37:31.875831,257035570,ANNELIDA,Norway,65.93535,12.364303,0.0,0.0,90
2025-09-19 19:37:31.875851,257111020,OV_HEKKINGEN,Norway,65.372202,12.193425,0.0,110.5,54
2025-09-19 19:37:31.875870,258242500,BB CONNECTOR,Norway,68.42776,17.422273,0.0,212.1,52
2025-09-19 19:37:31.875888,257714500,AKTI PIONER,Norway,66.502507,12.071945,0.0,31.0,79
2025-09-19 19:37:31.875906,257563700,BORINGEN,Norway,69.094453,17.622097,0.1,336.3,70
2025-09-19 19:37:31.875924,247229700,AIDABELLA,Italy,68.478275,14.711573,14.4,273.1,60
2025-09-19 19:37:31.875943,257035740,BRATTHOLMEN,Norway,67.807697,13.859542,7.9,128.7,30
2025-09-19 19:37:31.875963,257865490,BARENTS WORKER,Norway,71.017327,25.383455,0.1,346.2,33
2025-09-19 19:37:31.875981,257563800,STEINFJELL,Norway,69.157102,18.146422,0.0,331.0,90
2025-09-19 19:37:31.876001,257941003,KJOLLEFJORD AIS,Norway,70.92213,27.282322,0.7,0.0,57
2025-09-19 19:37:31.876022,257564000,POLARSYSSEL,Norway,78.22666666666667,15.625,0.0,146.0,55
2025-09-19 19:37:31.876050,258016630,FJELLTIND,Norway,69.88166666666666,21.74,0.0,33.0,70
2025-09-19 19:37:31.876082,257187000,LYNGEN,Norway,68.861447,16.502333,11.3,182.6,60
2025-09-19 19:37:31.876102,257036290,ALKEKONGEN,Norway,66.021918,12.240447,0.0,343.7,70
2025-09-19 19:37:31.876122,257413500,RINGSKJAER NORD,Norway,68.470888,14.636213,1.2,337.0,30
2025-09-19 19:37:31.876140,258545000,BYE SENIOR,Norway,68.697073,15.421408,0.0,346.9,30
2025-09-19 19:37:31.876161,258092500,RESCUE UNI OSLOFJORD,Norway,69.651645,18.962113,0.0,304.8,51
2025-09-19 19:37:31.876189,257941700,BREISUND,Norway,66.6615,13.061,0.0,197.6,79
2025-09-19 19:37:31.876229,259375000,REINEBUEN,Norway,68.07116,13.537827,0.0,333.0,30
2025-09-19 19:37:31.876259,257036790,AQUA SUPPORTER,Norway,65.121927,12.164412,0.0,70.6,79
2025-09-19 19:37:31.876276,258470000,SEGLA,Norway,70.946655,25.847218,8.9,259.8,30
2025-09-19 19:37:31.876297,257112500,AASSJOEN,Norway,69.672305,18.747315,0.0,0.0,30
2025-09-19 19:37:31.876344,273254860,KAPITAN TARAN,Russia,72.825,29.48,12.0,331.0,30
2025-09-19 19:37:31.876364,273254880,MECHANIC STEPANOV,Russia,70.788012,20.575045,10.8,67.0,30
2025-09-19 19:37:31.876383,258017970,HALOY OTTAR,Norway,68.791287,16.91442,0.2,312.1,79
2025-09-19 19:37:31.876420,257565600,IDA AMALIE,Norway,68.234267,14.577942,0.0,340.7,30
2025-09-19 19:37:31.876439,257037790,OCEAN FLYER,Norway,68.218387,14.603943,34.7,285.5,60
2025-09-19 19:37:31.876455,257113250,JOSBERG,Norway,69.515935,18.142842,7.8,290.6,30
2025-09-19 19:37:31.876474,258094000,HAVILA POLARIS,Norway,71.082548,27.880493,12.4,43.2,60
2025-09-19 19:37:31.876495,258999199,SIKKERHETSENTERET,Norway,68.120027,13.553017,0.0,0.0,99
2025-09-19 19:37:31.876515,352005711,GRAND EXPLORER,Panama,68.562087,16.513278,6.1,37.8,70
2025-09-19 19:37:31.876531,257641600,SKARVEN,Norway,70.596415,30.60098,5.4,132.4,52
2025-09-19 19:37:31.876549,257038160,UNIS KOLGA,Norway,78.23962,15.538643,0.0,0.0,40
2025-09-19 19:37:31.876579,257038270,BRATTSUND,Norway,67.151718,14.00084,0.1,13.6,70
2025-09-19 19:37:31.876598,257641800,SKJAANES GUTT,Norway,70.817837,27.554407,0.1,0.0,70
2025-09-19 19:37:31.876627,257566600,JENS KRISTIAN,Norway,69.978853,23.30529,0.0,311.9,30
2025-09-19 19:37:31.876644,257038590,WITH FROHAVET,Norway,70.913827,25.31438,0.0,192.0,70
2025-09-19 19:37:31.876671,258019240,FROYBRAND,Norway,65.01491,11.619012,0.0,337.8,99
2025-09-19 19:37:31.876691,258472000,HAALOGALAND,Norway,68.67692,15.996388,9.9,261.3,61
2025-09-19 19:37:31.876707,259679000,VAAGAN,Norway,66.637248,13.15655,13.0,111.5,60
2025-09-19 19:37:31.876723,257416120,KARLO,Norway,69.959617,18.096182,6.4,176.0,20
2025-09-19 19:37:31.876741,259302000,MYNTEVIK,Norway,69.935822,30.457958,1.8,100.1,30
2025-09-19 19:37:31.876758,257718000,BOA HUGIN,Norway,66.80666666666667,13.923333333333334,0.0,215.0,52
2025-09-19 19:37:31.876776,259000420,AUGUSTSON,Norway,66.01072,12.37906,0.0,287.1,70
2025-09-19 19:37:31.876803,257944500,SENJABAS,Norway,69.508998,17.908445,0.0,231.2,52
2025-09-19 19:37:31.876820,257642800,KARINA G,Norway,66.200675,13.015257,0.0,0.0,70
2025-09-19 19:37:31.876842,259000570,FDA ASTRI,Norway,69.746133,18.250907,0.0,15.6,52
2025-09-19 19:37:31.876869,257944700,HARRY,Norway,65.108035,12.443317,8.8,38.9,99
2025-09-19 19:37:31.876899,259000840,HARALD MARTIN,Norway,68.97921,16.492687,0.0,8.2,90
2025-09-19 19:37:31.876917,257039700,NAUTILUS ALDRA,Norway,65.803412,12.72498,0.0,301.5,33
2025-09-19 19:37:31.876935,257266000,KYSTBUNKER II,Norway,70.158108,20.820883,10.0,37.5,80
2025-09-19 19:37:31.876966,259680000,GILDESKAAL,Norway,66.728443,13.490113,7.2,221.9,66
2025-09-19 19:37:31.876986,258020660,BREISUND,Norway,70.66348,23.683883,0.0,0.0,40
2025-09-19 19:37:31.877006,259001350,SOLVAERSKJAER,Norway,66.368493,12.593693,0.0,0.0,60
2025-09-19 19:37:31.877025,257191020,NORDAVIND,Norway,69.977467,23.32945,0.2,75.5,30
2025-09-19 19:37:31.877041,257266500,LYSINGEN,Norway,65.215693,12.04067,0.0,10.9,69
2025-09-19 19:37:31.877059,257643700,VALVAAGEN,Norway,70.319302,22.87527,0.0,0.0,90
2025-09-19 19:37:31.877079,413559690,RUN HAI XIANG YANG,China,81.74,12.453333333333337,35.0,108.0,70
2025-09-19 19:37:31.877106,258021050,REPPAHESTEN,Norway,66.650715,13.561098,0.0,0.0,99
2025-09-19 19:37:31.877124,257945700,ISTINDEN,Norway,66.634487,13.335013,0.0,344.4,70
2025-09-19 19:37:31.877161,258021260,VERONIKA,Norway,65.994815,12.283457,0.0,164.6,70
2025-09-19 19:37:31.877178,257267000,NORDTIND,Norway,72.185,27.986666666666668,3.0,189.0,30
2025-09-19 19:37:31.877194,257719600,RAMNTIND,Norway,65.980852,12.275265,0.0,0.0,70
2025-09-19 19:37:31.877212,259530000,FOLGEFONN,Norway,66.024457,12.64304,0.0,237.3,60
2025-09-19 19:37:31.877228,258021410,BALDER,Norway,66.37296,12.361267,0.1,0.0,70
2025-09-19 19:37:31.877266,273258810,VIKTOR BAKAEV,Norway,67.922833,9.816667,12.7,28.2,89
2025-09-19 19:37:31.877284,258021770,HANNA RESVOLL,Norway,78.22824,15.607765,0.0,0.0,34
2025-09-19 19:37:31.877302,259002590,GRAVTIND,Norway,65.33,12.361666666666668,0.0,261.0,70
2025-09-19 19:37:31.877339,258022100,HALOY JARL,Norway,69.988173,19.937258,0.0,180.0,70
2025-09-19 19:37:31.877365,257569600,MARIANNE,Norway,70.073503,19.989673,0.0,264.3,30
2025-09-19 19:37:31.877381,235015732,CSB 44,United Kingdom,69.678365,19.001343,2.2,50.4,35
2025-09-19 19:37:31.877427,257343720,LEISKJOR,Norway,66.021568,12.6408,0.0,0.0,30
2025-09-19 19:37:31.877476,257042250,SELMA DROFN,Norway,71.18941,27.660838,1.3,153.0,30
2025-09-19 19:37:31.877496,258551000,HAGBART WAAGE,Norway,68.788888,16.542182,0.0,290.2,60
2025-09-19 19:37:31.877524,257117910,VIKSTEIN,Norway,66.071812,13.00305,0.0,347.3,70
2025-09-19 19:37:31.877551,258023090,FUGLOEYTIND,Norway,70.073238,19.996438,0.0,63.6,90
2025-09-19 19:37:31.877567,218799000,MARK,Germany,72.515185,9.833418,10.6,234.7,30
2025-09-19 19:37:31.877584,258174000,LEINEBRIS,Norway,75.41833333333334,19.858333333333334,2.0,168.0,30
2025-09-19 19:37:31.877602,257570600,BOEFANGST,Norway,70.981638,25.968078,0.1,104.5,90
2025-09-19 19:37:31.877629,259003870,TIGERGUTT,Norway,67.123618,14.260142,30.0,202.0,40
2025-09-19 19:37:31.877646,257344400,TROLLTIND,Norway,69.650195,18.962873,0.0,0.0,60
2025-09-19 19:37:31.877672,257797000,DOENNLAND,Norway,68.734188,17.375693,8.9,84.9,90
2025-09-19 19:37:31.877708,259532000,POLAR REX,Norway,66.081332,12.591915,0.0,207.3,52
2025-09-19 19:37:31.877727,257193700,LERRESFJORD,Norway,70.478993,23.62898,0.0,241.9,70
2025-09-19 19:37:31.877745,259004130,HOLLENDAREN,Norway,70.99382,24.701052,24.5,85.7,40
2025-09-19 19:37:31.877764,258099000,KVITUNGEN,Norway,69.646952,18.980263,0.0,261.3,30
2025-09-19 19:37:31.877785,257043030,APHERUSA UNMANNED,Norway,78.928072,11.934907,0.0,0.0,59
2025-09-19 19:37:31.877833,258024130,KVALOEYVAER,Norway,69.78999999999999,20.646666666666665,0.0,292.0,70
2025-09-19 19:37:31.877859,257043580,MJOLNIR,Norway,68.299943,15.022478,5.0,69.8,40
2025-09-19 19:37:31.877884,259382000,VISTEN,Norway,70.626955,23.105035,5.5,44.6,33
2025-09-19 19:37:31.879155,259004850,NESOEYGUTT,Norway,66.56121,12.709328,25.5,346.9,60
2025-09-19 19:37:31.879176,259004890,TROLLHATTEN,Norway,65.482117,12.444103,0.0,88.9,70
2025-09-19 19:37:31.879211,257421000,RUBIN,Norway,69.53044,18.018025,12.1,325.6,75
2025-09-19 19:37:31.879238,257722800,KRIS JONAS,Norway,68.78333333333333,14.638333333333332,0.0,103.0,70
2025-09-19 19:37:31.879256,259005160,KVITBJORN,Norway,78.228342,15.607215,0.1,0.0,40
2025-09-19 19:37:31.879274,258100000,GASO ODIN,Norway,70.817235,27.489008,0.0,213.4,90
2025-09-19 19:37:31.879293,257647500,BEKKVIK JR,Norway,70.986957,26.029682,0.1,324.3,30
2025-09-19 19:37:31.879320,258024850,MARITA,Norway,67.759268,15.244697,5.9,29.6,70
2025-09-19 19:37:31.879339,257421500,IDA THERESE,Norway,69.634,18.003383,0.0,326.9,30
2025-09-19 19:37:31.879356,259609000,DYPFJORD,Norway,70.770048,23.706093,9.2,46.8,30
2025-09-19 19:37:31.879374,249803000,STOC NIKE,Malta,70.681577,23.588037,0.0,261.2,89
2025-09-19 19:37:31.879392,258553000,SKAGOYSUND,Norway,68.132232,15.271397,9.3,48.8,30
2025-09-19 19:37:31.879413,257949700,LONKETINDEN,Norway,69.055167,17.170765,0.0,0.0,70
2025-09-19 19:37:31.879430,258025160,KB ROKK,Norway,66.580307,12.68678,0.0,280.8,70
2025-09-19 19:37:31.879449,259005800,HALTBAKK BUNKER,Norway,68.718705,16.895648,8.5,76.7,89
2025-09-19 19:37:31.879475,352842000,SJOVEIEN,Panama,78.227745,15.614692,0.1,26.7,79
2025-09-19 19:37:31.879495,259005900,RS OSCAR TYBRING V,Norway,70.372773,31.10757,0.1,266.4,51
2025-09-19 19:37:31.879545,257497500,TINDSKJAER,Norway,67.654295,12.719013,0.0,330.6,30
2025-09-19 19:37:31.879563,257723900,HAVCRUISE,Norway,70.630842,21.979698,0.0,0.0,60
2025-09-19 19:37:31.879580,258025670,GJESVAER,Norway,71.01742,25.385292,0.0,185.8,70
2025-09-19 19:37:31.879600,258403000,VIKING AVANT,Norway,71.279,22.772,7.6,325.0,70
2025-09-19 19:37:31.879619,257045480,SLOTTHOLMEN,Norway,66.742723,13.499493,0.0,0.0,70
2025-09-19 19:37:31.879638,257045600,SEAWORKER,Norway,69.88333333333334,21.726666666666667,0.0,0.0,99
2025-09-19 19:37:31.879664,257045730,SLETTNES,Norway,70.62865,23.634703,0.1,245.7,70
2025-09-19 19:37:31.879683,258026400,MULTI NAVIGATOR,Norway,70.626527,23.104728,0.2,200.5,79
2025-09-19 19:37:31.879699,257423000,SOYA,Norway,68.072332,13.5405,0.1,318.1,30
2025-09-19 19:37:31.879717,257045940,BOEVAERING,Norway,68.605053,14.458272,0.0,45.2,30
2025-09-19 19:37:31.879744,257649500,NYSTRAND,Norway,67.506388,12.073662,0.0,148.1,30
2025-09-19 19:37:31.879773,258328500,FANNEFJORD,Norway,68.092202,16.327172,11.1,105.8,60
2025-09-19 19:37:31.879790,259988000,VAEROY,Norway,67.84587,13.14891,17.2,321.5,60
2025-09-19 19:37:31.879808,257649700,BERGNEBB,Norway,69.673323,18.747662,0.0,0.0,70
2025-09-19 19:37:31.879826,258026950,STORTIND,Norway,70.543632,23.154563,0.0,226.4,29
2025-09-19 19:37:31.879844,257800700,AQS NORDLAND,Norway,68.859273,15.417488,7.2,160.0,33
2025-09-19 19:37:31.879862,248221000,KEY SOUTH,Malta,67.288707,14.378038,0.0,277.1,82
2025-09-19 19:37:31.879885,257046470,ANGELSEN SENIOR,Norway,68.8013,13.063255,1.9,222.0,30
2025-09-19 19:37:31.879912,259234000,TRIO II,Norway,67.93248,13.086268,0.0,92.0,79
2025-09-19 19:37:31.879933,259007720,KJELL-ERIK,Norway,69.938453,19.831333,0.0,329.7,52
2025-09-19 19:37:31.879982,257197500,BOLGTIND,Norway,66.801757,13.233515,0.0,255.2,70
2025-09-19 19:37:31.880011,257122310,STORSKJAER,Norway,68.601102,15.38017,0.0,20.4,33
2025-09-19 19:37:31.880038,258027580,EITERTINDEN,Norway,67.442022,15.481558,0.0,194.5,70
2025-09-19 19:37:31.880066,257047000,EYR YTTERHOLMEN,Norway,66.081337,12.59109,0.0,350.0,58
2025-09-19 19:37:31.880092,219029885,ESVAGT DC 11,Denmark,72.505327,20.221582,4.0,53.7,40
2025-09-19 19:37:31.880108,257499700,KATJA,Norway,70.913868,25.315238,0.1,120.8,70
2025-09-19 19:37:31.880126,255915684,NCL VESTLAND,Madeira,68.572392,14.972605,0.0,180.7,70
2025-09-19 19:37:31.880143,257876900,ATLANTIC LADY,Norway,70.027935,20.969948,0.0,256.4,40
2025-09-19 19:37:31.880160,258027770,KARLSOY,Norway,67.940743,15.501642,0.1,122.2,20
2025-09-19 19:37:31.880176,258027870,STAVNES,Norway,67.766068,15.247983,2.5,279.7,70
2025-09-19 19:37:31.880194,258027890,ASTOEINGEN,Norway,68.680353,17.118013,0.0,81.0,79
2025-09-19 19:37:31.880222,257801700,AQS ROERVIK,Norway,65.686247,12.137392,0.0,0.0,31
2025-09-19 19:37:31.880240,258103500,NORDIC SKY,Norway,70.319213,22.875203,0.0,277.3,60
2025-09-19 19:37:31.880256,257801800,NESOY,Norway,66.475527,12.672643,20.2,173.1,65
2025-09-19 19:37:31.880274,257047550,ENGELOEY,Norway,67.981835,15.584723,0.0,0.0,33
2025-09-19 19:37:31.880292,258028180,SILDKOVTUVA,Norway,65.42546,12.56547,0.0,273.2,70
2025-09-19 19:37:31.880310,258028210,FROEYHAV,Norway,69.471025,17.605898,1.7,46.1,70
2025-09-19 19:37:31.880339,259537000,BAKKE JR,Norway,70.37508,31.103817,0.0,347.5,30
2025-09-19 19:37:31.880359,259160000,RO SENJA,Norway,69.98619,19.924542,0.0,127.1,90
2025-09-19 19:37:31.880376,259009170,LILLEOY,Norway,68.86503,16.667865,10.4,178.2,60
2025-09-19 19:37:31.880423,257651500,JENNEGGA,Norway,68.1315,13.427412,0.0,13.1,30
2025-09-19 19:37:31.880442,258028680,MULTI ARCTIC,Norway,68.004813,15.266725,0.0,243.8,70
2025-09-19 19:37:31.880470,370572000,CAPE AMANDA,Panama,65.729532,8.924338,9.3,42.2,70
2025-09-19 19:37:31.880489,257652000,BJORG PAULINE,Norway,68.57224,14.997082,6.8,105.3,99
2025-09-19 19:37:31.880528,257275000,KRONPRINS HAAKON,Norway,78.229447,15.602513,0.0,104.9,99
2025-09-19 19:37:31.880547,257124140,JENSEN KVITBERG,Norway,69.65157,18.961492,0.0,0.0,99
2025-09-19 19:37:31.880565,257124160,KRAAKTIND,Norway,65.845192,12.235058,0.0,339.5,70
2025-09-19 19:37:31.880582,257124170,TAARNVIK,Norway,67.60666666666667,15.368333333333334,0.0,339.0,70
2025-09-19 19:37:31.880598,258482000,RUBINA,Norway,70.030297,20.982727,2.2,259.0,53
2025-09-19 19:37:31.880626,258029590,AH1,Norway,69.345915,16.277083,23.0,249.0,60
2025-09-19 19:37:31.880643,259991000,VAGSUND,Norway,69.029387,16.475462,0.3,323.5,79
2025-09-19 19:37:31.880669,257954600,BALDER,Norway,67.940353,15.503482,0.1,162.8,70
2025-09-19 19:37:31.880686,257124880,HAVBAARA,Norway,68.962958,13.776832,10.1,94.0,30
2025-09-19 19:37:31.880704,257275800,BJORNFJELL,Norway,68.428197,17.425877,0.0,116.8,53
2025-09-19 19:37:31.880721,258030270,AQS TRYM,Norway,70.549053,22.947673,0.0,9.3,32
2025-09-19 19:37:31.880738,257804000,HEIDRUN B,Norway,65.342735,7.361302,0.7,161.2,80
2025-09-19 19:37:31.880754,257125140,HANNA B,Norway,70.625033,29.696417,0.0,206.1,30
2025-09-19 19:37:31.880774,257125290,FREDRIKKE T-OLSEN,Norway,66.476842,12.306087,25.7,115.0,40
2025-09-19 19:37:31.880793,259162000,VIKTORIA LADY,Norway,69.938842,19.83063,0.0,126.3,70
2025-09-19 19:37:31.880821,258030600,KLAEVTIND,Norway,69.273835,15.946983,0.0,331.4,30
2025-09-19 19:37:31.880838,257050010,NEVERFJORD,Norway,70.626748,23.10884,1.1,352.8,70
2025-09-19 19:37:31.880865,257653500,BREITIND,Norway,69.166633,17.712362,0.0,0.0,70
2025-09-19 19:37:31.880884,259313000,REIDAR VON KOSS,Norway,70.63429,29.724725,0.1,324.7,51
2025-09-19 19:37:31.880901,258030700,AKSEL JOHAN,Norway,68.232158,14.53746,0.0,278.1,30
2025-09-19 19:37:31.880939,259464000,NAUTILUS SURVEY,Norway,66.802102,13.233917,0.0,287.6,29
2025-09-19 19:37:31.880958,982470191,AIDABELLA TB15,Unknown,68.12112,13.577943,8.2,126.9,60
2025-09-19 19:37:31.880977,982470192,AIDABELLA TB 16,Unknown,68.113123,13.594153,0.0,277.5,60
2025-09-19 19:37:31.880994,982470194,AIDABELLA TB 18,Unknown,68.111603,13.596818,3.0,241.0,60
2025-09-19 19:37:31.881031,257125770,THEA JENSEN,Norway,70.229972,22.357072,0.0,336.1,58
2025-09-19 19:37:31.881057,257503000,ATLANTIC,Norway,65.498365,7.372863,10.4,219.3,30
2025-09-19 19:37:31.881077,257276800,MS SEA RUNNER,Norway,69.978105,23.330177,0.0,159.0,40
2025-09-19 19:37:31.881093,257125940,NJORD,Norway,69.237097,19.369312,0.1,0.0,52
2025-09-19 19:37:31.881110,258031120,KAPTEIN T,Norway,68.680048,17.118485,0.0,263.0,70
2025-09-19 19:37:31.881137,258031140,INGE EGIL,Norway,68.609407,14.457762,0.0,0.0,60
2025-09-19 19:37:31.881157,258031200,MULTI CHALLENGER,Norway,65.087607,11.740523,0.0,204.7,90
2025-09-19 19:37:31.881185,257805000,FAEROYSUND,Norway,66.133852,12.849892,0.0,127.0,70
2025-09-19 19:37:31.881212,257126190,SALTHAMMER,Norway,66.592585,12.658952,0.0,303.1,70
2025-09-19 19:37:31.881241,259691000,J BERGVOLL,Norway,69.657927,18.971725,0.0,331.5,30
2025-09-19 19:37:31.881260,258107000,OLYMPIC DELTA,Norway,65.20833333333333,6.386666666666667,0.0,348.0,90
2025-09-19 19:37:31.881288,257352900,STOLT PEGASUS,Norway,67.457835,15.513055,0.2,88.3,70
2025-09-19 19:37:31.881306,370424000,NACC ANTIGUA,Panama,66.870773,11.513177,11.5,63.5,70
2025-09-19 19:37:31.881324,258183000,KRANSVIK JR,Norway,70.669417,23.672417,0.0,328.8,30
2025-09-19 19:37:31.881340,257127000,LUROEY,Norway,66.351018,12.885547,11.8,299.3,60
2025-09-19 19:37:31.881363,257127080,KJELL SENIOR,Norway,68.071148,13.536443,0.0,165.5,30
2025-09-19 19:37:31.881383,257579700,INSPEKJONSBAAT 07A,Norway,67.288243,14.39353,0.0,328.4,56
2025-09-19 19:37:31.881403,257127190,STORTIND,Norway,69.54241,17.671763,0.0,0.0,70
2025-09-19 19:37:31.881421,257127200,ORGANIC DRABANT,Norway,67.132062,14.299592,7.8,168.0,70
2025-09-19 19:37:31.881441,257579800,INSPEKSJONSBAAT 08A,Norway,67.288252,14.393453,0.0,116.6,56
2025-09-19 19:37:31.881459,259013000,WILSON NEWPORT,Norway,69.187467,11.835667,10.5,83.0,79
2025-09-19 19:37:31.881487,258032500,KVAENANGEN,Norway,70.035338,20.981088,0.0,272.8,70
2025-09-19 19:37:31.881505,257127410,CAMPUS BLAA,Norway,65.469407,12.131422,0.0,237.1,70
2025-09-19 19:37:31.881523,257127460,VIKAFJELL,Norway,65.820503,12.43118,0.0,277.2,70
2025-09-19 19:37:31.881544,257504700,NORTH TUG,Norway,69.7305,30.055833,0.0,0.0,52
2025-09-19 19:37:31.881562,259994000,REBBENESOEY,Norway,70.05667,19.031567,0.0,26.2,65
2025-09-19 19:37:31.881587,257882000,DANTIC,Norway,68.297618,15.640395,7.2,105.0,70
2025-09-19 19:37:31.881607,257127690,BRAKOEY,Norway,68.356753,15.072472,1.4,0.0,70
2025-09-19 19:37:31.881625,257957500,JOEKELJENTA,Norway,70.04333333333334,21.81,0.0,0.0,99
2025-09-19 19:37:31.881654,257127930,RAGNHILD HATLAND,Norway,66.027327,12.632865,5.4,274.7,30
2025-09-19 19:37:31.881681,257128060,MULTI NORTH,Norway,66.225327,12.887858,7.6,21.9,31
2025-09-19 19:37:31.881700,257128100,MULTI SUPPORTER,Norway,66.676193,13.312103,0.0,342.6,70
2025-09-19 19:37:31.881718,257279000,TORGHATTEN,Norway,65.57806,12.392603,0.0,271.9,60
2025-09-19 19:37:31.881745,257731700,SMAVAER,Norway,69.998883,19.340167,0.1,335.0,70
2025-09-19 19:37:31.881772,257128280,XXLOFOTEN 2,Norway,68.22365,14.561288,1.0,5.3,60
2025-09-19 19:37:31.881790,257882600,INGER LISE,Norway,70.617552,24.603517,0.0,74.3,70
2025-09-19 19:37:31.881805,257882800,SKARV,Norway,69.928292,20.936318,1.8,105.7,60
2025-09-19 19:37:31.881826,257807490,EYR AASVAER,Norway,66.866793,13.70223,0.0,96.7,58
2025-09-19 19:37:31.881843,636018554,ELARA,Liberia,71.68221,26.67903,10.8,284.1,70
2025-09-19 19:37:31.881860,259014440,WHALE2SEA1,Norway,69.368108,16.483268,22.7,241.0,60
2025-09-19 19:37:31.881877,259014490,HESSFJORD,Norway,70.10693,19.579243,0.0,170.6,70
2025-09-19 19:37:31.881897,259090000,POLARXPLORER,Norway,78.227923,15.612515,0.0,288.6,70
2025-09-19 19:37:31.881913,257128830,HEROY,Norway,65.985787,12.282787,7.2,184.2,40
2025-09-19 19:37:31.881930,257053440,H LINDRUP,Norway,69.851225,18.820998,0.0,59.0,30
2025-09-19 19:37:31.881947,259014700,MARION,Norway,65.079713,12.068303,0.1,0.0,50
2025-09-19 19:37:31.881965,259241000,NORDBANKEN,Norway,70.857662,29.088933,0.1,325.5,30
2025-09-19 19:37:31.881982,257204400,ALSTEN,Norway,65.756703,12.530093,12.6,50.0,60
2025-09-19 19:37:31.882007,257129140,HANS,Norway,71.757223,31.660662,1.2,126.4,30
2025-09-19 19:37:31.882024,257732600,INGEGJERD,Norway,68.78524,14.640737,0.0,60.4,79
2025-09-19 19:37:31.882043,257958900,ELLING CARLSEN,Norway,78.228465,15.606247,0.0,257.7,50
2025-09-19 19:37:31.882061,259014960,MULTI COMMANDER,Norway,65.998963,12.264945,0.0,228.8,70
2025-09-19 19:37:31.882080,257883500,GERHARD JAKOBSEN,Norway,68.131313,13.425682,0.0,162.8,30
2025-09-19 19:37:31.882100,257129290,SNARSETVAERING,Norway,68.623515,14.598588,0.0,0.0,30
2025-09-19 19:37:31.882116,257129300,SANTO,Norway,69.967003,29.655953,6.2,169.2,60
2025-09-19 19:37:31.882134,257129340,NORD-FUGLOEY,Norway,69.672982,18.747795,0.0,206.6,30
2025-09-19 19:37:31.882151,257054000,EYR MYKEN,Norway,66.487888,12.965227,0.0,172.8,58
2025-09-19 19:37:31.882169,257129510,FDA MIMMI,Norway,68.869537,17.783358,0.0,168.2,33
2025-09-19 19:37:31.882186,257054090,KARL SENIOR,Norway,66.031093,12.025933,0.1,359.2,56
2025-09-19 19:37:31.882204,257054100,FRIDTJOF NANSEN,Norway,69.001188,15.013935,14.6,209.7,60
2025-09-19 19:37:31.882221,259015370,LIATIND,Norway,66.72658,13.169705,7.8,203.3,79
2025-09-19 19:37:31.882237,257129600,ULOYTIND,Norway,69.785105,20.613923,6.3,123.4,60
2025-09-19 19:37:31.882253,259015400,FOSNA SIRIUS,Norway,71.01714,25.38446,0.2,12.5,70
2025-09-19 19:37:31.882268,259015460,GASTN,Norway,68.865837,16.66933,0.1,0.0,60
2025-09-19 19:37:31.882283,259091000,INTER NORDIC,Norway,68.882572,15.372068,8.9,142.6,70
2025-09-19 19:37:31.882298,257959600,KAVRINGEN,Norway,69.66166666666666,20.31833333333333,0.0,5.0,70
2025-09-19 19:37:31.882313,257657900,FALKUNGEN JR,Norway,69.43564,17.000835,21.0,222.0,53
2025-09-19 19:37:31.882329,257959700,JOKELLAKS,Norway,70.06166666666667,21.873333333333335,0.0,0.0,33
2025-09-19 19:37:31.882344,257129970,MOENDALSTIND,Norway,69.90166666666667,21.878333333333337,0.0,14.0,70
2025-09-19 19:37:31.882359,244533000,WATERLAND,Netherlands,69.542693,19.037895,0.0,352.5,52
2025-09-19 19:37:31.882374,257129980,KORSFJORD,Norway,69.97747,23.329858,0.0,0.0,34
2025-09-19 19:37:31.882389,257130000,HANNAH KRISTINA,Norway,70.363007,21.585665,13.8,226.3,70
2025-09-19 19:37:31.882404,257054580,HORDAFOR VII,Norway,67.794473,-5.468525,11.4,266.7,83
2025-09-19 19:37:31.882419,257281000,STAALBAS,Norway,69.649817,18.981353,0.0,342.5,36
2025-09-19 19:37:31.882434,257959900,RESCUE UTVAER,Norway,69.971117,23.240762,0.0,348.1,51
2025-09-19 19:37:31.882459,258111000,RONJA SILVER,Norway,71.01778,25.384848,0.0,113.7,70
2025-09-19 19:37:31.882474,257130400,LUNDEKONGEN,Norway,71.099917,25.38775,0.0,115.7,60
2025-09-19 19:37:31.882491,259016200,PRS.INGRID ALEXANDRA,Norway,70.634845,29.727933,0.0,11.4,90
2025-09-19 19:37:31.882508,257733900,RESCUE SIMRAD FERDER,Norway,68.801118,16.545525,0.0,299.6,51
2025-09-19 19:37:31.882539,257130540,ABORNES,Norway,67.761853,15.2502,6.4,5.3,70
2025-09-19 19:37:31.882554,259016330,TOR ARNT,Norway,65.001867,11.680192,0.0,0.0,99
2025-09-19 19:37:31.882571,259016340,BERET PAULSDATTER,Norway,69.657822,18.970497,0.0,355.0,90
2025-09-19 19:37:31.882586,257130580,OV SKROVA,Norway,68.212775,14.483062,0.0,71.4,75
2025-09-19 19:37:31.882601,257130600,BARENTS KRAFT,Norway,70.576942,23.681578,0.0,0.0,53
2025-09-19 19:37:31.882616,257658700,KVALSUND,Norway,70.995537,24.661087,0.0,108.3,70
2025-09-19 19:37:31.882645,257130760,LUDVIG,Norway,70.63004,23.65538,0.1,0.0,70
2025-09-19 19:37:31.882660,257432500,SANDVAER,Norway,67.935725,13.105855,8.2,314.0,30
2025-09-19 19:37:31.882674,259092000,LEANDER,Norway,71.135178,27.104818,9.0,66.5,30
2025-09-19 19:37:31.882697,257960600,KVASSTIND,Norway,66.393473,12.829768,0.1,0.0,90
2025-09-19 19:37:31.882718,257130930,CRUX,Norway,66.663483,13.053267,7.6,86.2,60
2025-09-19 19:37:31.882740,257055560,NORDOY,Norway,70.143597,22.448417,9.0,89.7,70
2025-09-19 19:37:31.882756,257131000,TROMS ARCTURUS,Norway,65.07666666666667,6.7316666666666665,8.0,24.0,90
2025-09-19 19:37:31.882782,258489000,STEINAR OLAISEN,Norway,65.77257,12.310597,11.0,198.6,70
2025-09-19 19:37:31.882800,259017150,ROEYFJELL,Norway,66.166268,12.556368,0.0,241.7,70
2025-09-19 19:37:31.882815,258791000,RO ARCTIC,Norway,70.625132,23.104423,0.0,90.3,70
2025-09-19 19:37:31.882831,257282400,HJELMELAND,Norway,65.953277,12.336797,10.6,302.9,65
2025-09-19 19:37:31.882860,257659600,MARIANNE S,Norway,69.606617,18.043017,0.0,66.8,70
2025-09-19 19:37:31.882876,257131660,GRYTAAFJORD,Norway,65.802423,12.725383,0.0,0.0,40
2025-09-19 19:37:31.882892,257131800,FORROEY 2,Norway,68.921118,15.218518,0.0,161.3,30
2025-09-19 19:37:31.882909,258037000,WIKEROEY SENIOR,Norway,73.038573,23.388028,8.1,332.5,30
2025-09-19 19:37:31.882925,309481000,ARCTIC DISCOVERER,Bahamas,70.675847,23.397237,0.0,178.4,80
2025-09-19 19:37:31.882944,259546000,TORGTIND,Norway,65.647687,12.177072,11.8,54.4,60
2025-09-19 19:37:31.882966,257584800,ODDVAERING,Norway,68.332322,14.946153,0.0,4.5,70
2025-09-19 19:37:31.882997,257056820,FOSSEKALL,Norway,68.838773,17.400187,0.0,241.9,90
2025-09-19 19:37:31.883018,219794000,NADIR,Denmark,78.227867,15.617423,0.1,319.9,31
2025-09-19 19:37:31.883034,257057010,NORDBJOERN,Norway,65.845177,12.234827,0.0,16.5,70
2025-09-19 19:37:31.883060,257057050,KOMAGFJORD,Norway,69.977292,23.329588,0.0,0.0,34
2025-09-19 19:37:31.883075,257660500,J.A. SENIOR,Norway,67.282,14.371167,0.0,144.9,30
2025-09-19 19:37:31.883089,257886800,TJELD,Norway,69.933928,20.7809,29.8,320.7,60
2025-09-19 19:37:31.883104,219417000,GEORG STAGE,Denmark,65.92521,12.428642,0.1,251.9,36
2025-09-19 19:37:31.883119,257736000,KV SORTLAND,Norway,68.768627,16.815202,12.9,30.1,55
2025-09-19 19:37:31.883134,257132590,BORGE EDNAR,Norway,65.079912,12.068222,0.0,0.0,70
2025-09-19 19:37:31.883149,257132700,TORE I,Norway,69.741038,30.462828,0.0,270.8,70
2025-09-19 19:37:31.883179,257057450,KURTH O,Norway,68.73,16.907663,0.0,163.8,33
2025-09-19 19:37:31.883194,228016600,POLARIS I,Norway,68.132057,14.17615,9.1,52.7,67
2025-09-19 19:37:31.883213,257132970,THORVALD JOHAN,Norway,68.908997,17.723323,0.1,0.0,70
2025-09-19 19:37:31.883244,636023140,ST.SOFIA,Liberia,71.693082,26.598332,10.4,284.5,70
2025-09-19 19:37:31.883263,259019220,POLITI NORDLAND 1,Norway,66.0215,12.625705,0.0,0.0,55
2025-09-19 19:37:31.883279,257661500,BALLSTADGUTT,Norway,68.067707,13.536275,0.0,245.0,30
2025-09-19 19:37:31.883308,259019280,MS NIKOLAI,Norway,66.134277,12.860252,0.2,104.9,60
2025-09-19 19:37:31.883324,259019290,SELVAERGUTT,Norway,66.49399,12.084208,0.0,0.0,60
2025-09-19 19:37:31.883338,257133530,HMT THOR,Norway,67.257287,14.293125,0.0,70.3,90
2025-09-19 19:37:31.883353,228092600,POLARFRONT,Norway,79.735032,10.632927,7.0,338.7,90
2025-09-19 19:37:31.883367,257133550,YNGVE,Norway,68.866527,16.401818,0.1,207.5,32
2025-09-19 19:37:31.883381,257209000,KAGTIND II,Norway,69.675182,18.98196,0.0,110.2,30
2025-09-19 19:37:31.883405,258340500,LUNDEROY,Norway,66.368748,12.594155,0.0,297.9,70
2025-09-19 19:37:31.883420,257133620,OEYVIKING,Norway,67.406208,13.900573,0.0,38.1,30
2025-09-19 19:37:31.883435,257812500,SOLRAND F-1-G,Norway,71.035873,27.83984,0.1,172.4,30
2025-09-19 19:37:31.883449,259019450,RISOEYA,Norway,69.089157,16.13202,24.4,214.9,40
2025-09-19 19:37:31.883467,257058280,ELSA LAULA RENBERG,Norway,66.654927,13.060562,26.2,241.4,40
2025-09-19 19:37:31.883482,257058290,REGINE NORMANN,Norway,67.888807,14.870992,31.9,56.3,40
2025-09-19 19:37:31.883515,257209400,DIVESERVICE 1,Norway,69.543223,19.039845,0.0,0.0,70
2025-09-19 19:37:31.883528,257058550,LUNDOEY,Norway,68.005503,15.264068,0.1,124.7,33
2025-09-19 19:37:31.883550,257737500,MAJA 2,Norway,68.912705,15.074428,0.0,217.1,30
2025-09-19 19:37:31.883565,257209500,RINGHORNE,Norway,68.487745,17.335738,0.0,0.0,70
2025-09-19 19:37:31.883590,257134270,POLAR PIONER,Norway,65.993247,12.246415,0.0,350.4,75
2025-09-19 19:37:31.883605,257134280,VESTFJORD,Norway,68.402347,16.211953,0.0,57.5,70
2025-09-19 19:37:31.883620,257662500,BLEIKSOEY,Norway,69.325323,16.138585,0.0,0.0,30
2025-09-19 19:37:31.883635,257888800,KJELL VIKING,Norway,70.050292,20.924262,24.5,111.5,70
2025-09-19 19:37:31.883650,259322000,POLARLYS,Norway,70.710882,30.16634,12.8,306.1,60
2025-09-19 19:37:31.883665,258794000,SKARSTIND,Norway,66.868473,13.702187,0.0,77.4,69
2025-09-19 19:37:31.883680,258266000,FOLKESTAD,Norway,69.66304,19.808187,0.0,101.0,60
2025-09-19 19:37:31.883696,257059140,FROY FINNMARK,Norway,69.408385,17.28147,0.0,93.0,90
2025-09-19 19:37:31.883712,257964500,BORHELLA,Norway,69.324223,16.118723,0.0,309.3,30
2025-09-19 19:37:31.883735,629009658,MAKALU,Gambia,73.662445,34.801058,10.7,64.2,80
2025-09-19 19:37:31.883758,257059550,HANS G,Norway,70.994668,24.657222,0.1,279.5,53
2025-09-19 19:37:31.883779,257059840,GYRO,Norway,70.082333,20.096148,0.1,41.5,33
2025-09-19 19:37:31.883802,257663500,NORSKOTTIND,Norway,68.482663,15.254375,0.0,233.0,30
2025-09-19 19:37:31.883817,257889800,BETA BLUE,Norway,67.736453,14.892807,0.0,344.0,70
2025-09-19 19:37:31.883836,257060270,LOFOTEN EXPLORER 1,Norway,68.218027,14.60284,32.4,284.1,60
2025-09-19 19:37:31.883850,257814610,NORDTIND,Norway,67.659978,12.696975,0.0,0.0,30
2025-09-19 19:37:31.883867,257286700,YARAJENTA,Norway,66.907817,13.602508,0.0,305.1,60
2025-09-19 19:37:31.883881,257060440,AKSEL,Norway,68.479603,14.520612,0.9,273.7,30
2025-09-19 19:37:31.883899,257588500,LOFOTODDEN,Norway,67.89825,13.044457,0.0,293.4,30
2025-09-19 19:37:31.883921,257060590,PLUGGEN,Norway,68.427658,17.425303,4.7,43.4,40
2025-09-19 19:37:31.883936,257060650,KIM EIRIK,Norway,68.606593,14.458342,0.0,170.3,79
2025-09-19 19:37:31.883951,257060670,LEKAFJORD,Norway,65.08778,11.739243,0.0,296.7,70
2025-09-19 19:37:31.883974,257362500,HAMAROEY,Norway,68.4176,15.999533,0.0,213.5,60
2025-09-19 19:37:31.883989,257438000,HAVILA HEROY,Norway,65.14333333333333,7.433333333333334,0.0,260.0,70
2025-09-19 19:37:31.884004,257060850,TENNHOLMEN,Norway,66.801667,13.234135,0.0,38.5,90
2025-09-19 19:37:31.884019,257060900,LOFOTFJORD,Norway,67.40678,13.905208,0.0,0.0,70
2025-09-19 19:37:31.884034,257739800,VIKING SEA,Norway,66.023937,12.643848,0.0,212.2,33
2025-09-19 19:37:31.884049,258117000,STRIL POSEIDON,Norway,66.196193,7.896318,0.8,227.0,51
2025-09-19 19:37:31.884074,258721000,AQS NAMDAL,Norway,69.90333333333334,21.876666666666665,0.0,0.0,99
2025-09-19 19:37:31.884089,257212400,SULAFJORD,Norway,68.092922,16.356462,0.0,339.4,60
2025-09-19 19:37:31.884104,257061570,SVARTFJELL,Norway,70.665435,23.174742,0.0,35.7,90
2025-09-19 19:37:31.884121,257061600,KRAFT JOHANSSEN,Norway,65.89275,11.997932,0.0,278.2,52
2025-09-19 19:37:31.884137,257816000,FJORD CONNECTOR,Norway,78.227498,15.618725,0.0,18.8,90
2025-09-19 19:37:31.884152,257212600,HORNOYA,Norway,70.37368,31.10451,0.1,104.5,53
2025-09-19 19:37:31.884166,257363500,TYSFJORD,Norway,66.520757,13.226482,13.5,336.8,66
2025-09-19 19:37:31.884181,257061880,PELAGIA KYST,Norway,69.605035,19.81482,0.0,199.3,70
2025-09-19 19:37:31.884203,259174000,JEKTOEY,Norway,70.800723,28.092312,7.8,52.1,40
2025-09-19 19:37:31.884219,257212800,POLAR ADVENTURE,Norway,69.650048,18.961112,0.0,223.7,60
2025-09-19 19:37:31.884234,257137500,FOSNA,Norway,67.082333,13.851387,0.1,0.0,53
2025-09-19 19:37:31.884248,259023310,LYNGHOLM,Norway,65.11242,11.71946,0.0,319.2,70
2025-09-19 19:37:31.884263,257288400,HOEGSFJORD,Norway,65.969217,12.286933,0.0,47.2,69
2025-09-19 19:37:31.884294,258344500,KURT SENIOR,Norway,68.090985,13.739025,0.1,0.0,33
2025-09-19 19:37:31.884311,257137640,VANNOEYVAERING,Norway,70.53592,20.319815,1.3,5.3,30
2025-09-19 19:37:31.884324,257137700,OKSOY,Norway,66.711985,13.678837,8.0,288.5,60
2025-09-19 19:37:31.884340,372698000,FUGRO DISCOVERY,Panama,67.295282,14.389137,0.0,40.5,90
2025-09-19 19:37:31.884365,258194000,RO SUNRISE,Norway,68.00541,15.26307,0.0,52.3,70
2025-09-19 19:37:31.884379,257892500,GARD,Norway,70.63875,24.590217,2.9,271.7,33
2025-09-19 19:37:31.884412,259024040,LEIF-ERIK SIMONSEN,Norway,66.372685,12.358998,0.0,67.4,51
2025-09-19 19:37:31.884445,257666500,HALDORSON,Norway,66.358688,12.585148,0.0,95.1,30
2025-09-19 19:37:31.884463,257892800,HEILHORNET,Norway,65.076863,11.538472,0.0,0.0,70
2025-09-19 19:37:31.884484,276826000,AGOT,Estonia,68.981945,15.837535,6.2,76.7,70
2025-09-19 19:37:31.884506,258270000,AQUA LADY,Norway,68.487542,15.123973,0.1,217.3,70
2025-09-19 19:37:31.884521,257063150,FLATVAER,Norway,69.975603,20.664953,0.0,144.0,99
2025-09-19 19:37:31.884569,257289720,VENGSOEYVAERING,Norway,69.672385,18.745702,0.0,315.0,30
2025-09-19 19:37:31.884592,257063480,TROLLFJORD,Norway,69.845017,22.019952,0.0,336.2,99
2025-09-19 19:37:31.884615,258195000,INTER FJORD,Norway,66.922952,13.485698,9.6,176.0,90
2025-09-19 19:37:31.884630,257139000,JOHAN HJORT,Norway,76.810067,25.447892,9.6,110.8,99
2025-09-19 19:37:31.884646,258270500,SALMAR NORD 1,Norway,69.510517,17.902883,0.0,0.0,99
2025-09-19 19:37:31.884661,257742500,SENJATIND,Norway,69.508488,17.906217,0.0,0.0,30
2025-09-19 19:37:31.884708,257742700,TROLLOEY,Norway,68.64388,15.505245,0.0,0.0,70
2025-09-19 19:37:31.884723,257742800,FLAGGSUND,Norway,68.40995,16.524718,0.0,274.0,70
2025-09-19 19:37:31.884740,259176000,HALFDAN GRIEG,Norway,68.913312,15.070855,0.0,52.7,51
2025-09-19 19:37:31.884754,257064050,HAVELLA,Norway,69.928877,20.895553,25.6,61.4,40
2025-09-19 19:37:31.884769,257139500,BURFLESA,Norway,65.112472,11.719352,0.0,5.6,70
2025-09-19 19:37:31.884784,257667600,ANNE G,Norway,70.858007,29.09761,0.0,0.0,30
2025-09-19 19:37:31.884800,259478000,LOFOTFANGST,Norway,70.85858,29.097343,0.0,130.0,30
2025-09-19 19:37:31.884815,257064260,OSCAR SUND,Norway,67.034945,14.021625,0.0,243.5,30
2025-09-19 19:37:31.884828,273432870,LUGA,Russia,72.85833333333333,33.934999999999995,8.0,295.0,80
2025-09-19 19:37:31.884851,257592500,TANGHOLM,Norway,68.071263,13.535917,0.0,194.0,30
2025-09-19 19:37:31.884864,259252000,LANGOEY,Norway,70.490065,18.432962,3.1,252.6,30
2025-09-19 19:37:31.884879,257215500,STETIND,Norway,69.345897,16.729117,12.7,262.0,69
2025-09-19 19:37:31.884894,257743600,FROEYSKARV,Norway,69.354127,18.081345,0.0,246.9,34
2025-09-19 19:37:31.884910,257894700,RUNDHOLMEN,Norway,66.618847,13.01543,0.0,197.7,70
2025-09-19 19:37:31.884933,258196500,BJORN TOMMY,Norway,68.869693,15.291907,0.0,0.0,70
2025-09-19 19:37:31.884957,111257003,NOR-004,Unknown,71.304673,27.178605,107.0,37.0,99
2025-09-19 19:37:31.884970,111257010,NOR-011,Unknown,67.27119,14.357112,7.0,328.4,99
2025-09-19 19:37:31.884994,257065180,ARRONET 30,Norway,69.695187,19.017723,0.0,0.0,70
2025-09-19 19:37:31.885008,259026460,ASNH,Norway,70.994557,24.670368,0.4,239.7,38
2025-09-19 19:37:31.885022,257668800,FAKSTIND,Norway,69.473977,18.068477,0.1,0.0,52
2025-09-19 19:37:31.885037,259102000,BIRGERSON,Norway,71.162848,25.95646,0.0,0.0,30
2025-09-19 19:37:31.885051,258046000,YTTEROEY,Norway,67.45158,14.735167,7.4,296.9,90
2025-09-19 19:37:31.885067,259026700,FJORDSTROEM,Norway,67.283885,14.37309,0.0,309.9,40
2025-09-19 19:37:31.885083,258197000,EIDSVAAG OMEGA,Norway,69.365217,19.164717,10.3,109.9,70
2025-09-19 19:37:31.885097,259026800,FJORDTIND,Norway,67.284248,14.372288,0.0,134.2,45
2025-09-19 19:37:31.885113,111257511,SAR AC  RESCUE 7,Unknown,69.68345,18.912557,0.0,195.6,99
2025-09-19 19:37:31.885145,259026990,KAARE VIKING,Norway,69.901677,20.811562,27.9,224.2,70
2025-09-19 19:37:31.885160,258499000,POLARGIRL,Norway,69.649998,18.963093,0.0,205.7,61
2025-09-19 19:37:31.885189,259178000,TRYGVE B,Norway,71.06018,27.84142,9.3,199.1,30
2025-09-19 19:37:31.885204,257594000,RONJA HAVSOY,Norway,66.807475,13.909503,0.0,341.6,75
2025-09-19 19:37:31.885226,257292400,KARLSOY,Norway,70.009918,18.552162,9.6,173.6,60
2025-09-19 19:37:31.885241,257217000,STJERNOY,Norway,68.801057,16.546617,0.0,160.2,40
2025-09-19 19:37:31.885264,220633000,ESVAGT STAVANGER,Norway,72.508005,20.23024,0.2,5.4,70
2025-09-19 19:37:31.885305,257820700,VIKNAVAERINGEN,Norway,65.21618,12.19352,7.5,76.0,79
2025-09-19 19:37:31.885335,259027930,OKSHOLMEN,Norway,66.786015,13.514188,0.0,42.1,70
2025-09-19 19:37:31.885349,259028000,FROYANES,Norway,76.105,36.04333333333333,2.0,263.0,30
2025-09-19 19:37:31.885364,258500000,RICHARD WITH,Norway,69.82955,19.603908,14.2,68.4,60
2025-09-19 19:37:31.885388,265289000,VIRGO,Sweden,82.765725,23.11988,3.6,268.3,70
2025-09-19 19:37:31.885403,273435580,KAPITAN SULIMOV,Russia,71.360732,16.598873,3.9,110.3,30
2025-09-19 19:37:31.885419,259028270,MAROSUND,Norway,70.776498,27.218918,0.0,0.0,70
2025-09-19 19:37:31.885433,259330000,NORDKAPP,Norway,68.230852,14.566803,0.0,345.0,60
2025-09-19 19:37:31.885449,257142520,SVENDSEN SENIOR,Norway,67.128485,13.959367,0.0,331.6,30
2025-09-19 19:37:31.885473,257293400,KJERRINGOY,Norway,68.316367,14.98948,0.0,150.2,60
2025-09-19 19:37:31.885498,257293500,DIVESERVICE II,Norway,69.543203,19.040107,0.0,294.3,90
2025-09-19 19:37:31.885520,257972600,ISTIND,Norway,70.817203,27.491128,0.2,96.6,79
2025-09-19 19:37:31.885535,311000634,YAKOV GAKKEL,Bahamas,71.19412,20.540193,18.4,72.2,89
2025-09-19 19:37:31.885549,257067570,GEO CAT,Norway,68.232115,14.567365,0.0,307.7,33
2025-09-19 19:37:31.885582,257218500,KAPTEIN BUHRE,Norway,69.65175,18.962233,0.0,155.5,51
2025-09-19 19:37:31.885598,257595700,BJOERNSFJELL,Norway,65.494073,12.228463,0.0,0.0,70
2025-09-19 19:37:31.885613,257972900,BORIS GLEB,Norway,69.667598,30.134235,0.0,111.7,60
2025-09-19 19:37:31.885628,257973000,SEVEN VIKING,Norway,66.091878,8.055553,0.9,206.9,99
2025-09-19 19:37:31.885643,259029100,AQS SIV,Norway,70.625562,23.106093,0.0,158.6,49
2025-09-19 19:37:31.885658,257746790,RIB EXPRESSEN,Norway,68.601985,15.379085,0.0,0.0,40
2025-09-19 19:37:31.885673,258124000,VIGDIS H,Norway,68.555485,16.09417,0.0,16.0,70
2025-09-19 19:37:31.885687,259029210,GUSTAV,Norway,65.17005,11.997433,18.2,91.8,70
2025-09-19 19:37:31.885702,257671500,BUHOLMEN,Norway,67.656553,12.71085,0.0,139.7,30
2025-09-19 19:37:31.885718,257068090,HAMMERFEST,Norway,70.541115,23.368028,30.9,140.5,60
2025-09-19 19:37:31.885733,257068120,NOVA MASTER,Norway,66.589817,13.094998,0.1,217.5,90
2025-09-19 19:37:31.885747,259029390,ANTON,Norway,68.79188,16.917903,0.1,218.0,70
2025-09-19 19:37:31.885762,259029400,RINGVASSOEY,Norway,70.63333333333334,22.566666666666663,0.0,216.0,70
2025-09-19 19:37:31.885777,259029410,RINSNESTIND,Norway,66.802,13.494617,19.9,204.7,60
2025-09-19 19:37:31.885800,273436830,LLV AZURIT,Russia,70.625523,29.701247,0.0,22.8,30
2025-09-19 19:37:31.885816,257445500,STANGNESTIND,Norway,70.669752,23.668783,0.0,169.9,99
2025-09-19 19:37:31.885831,257068390,TELNESTIND,Norway,67.144253,14.274698,5.1,5.4,99
2025-09-19 19:37:31.885846,311001583,AURORA SPIRIT,Bahamas,66.173788,7.75201,7.5,17.5,80
2025-09-19 19:37:31.885862,311001591,RAINBOW SPIRIT,Bahamas,72.240353,19.917798,1.1,230.1,80
2025-09-19 19:37:31.885878,257294800,M.W. ASHEIM,Norway,70.242197,22.3486,0.0,0.0,58
2025-09-19 19:37:31.885895,259029880,STOKKATINDEN,Norway,66.200838,13.01435,0.0,104.1,70
2025-09-19 19:37:31.885912,259029890,WIEANAH,Norway,69.685717,18.692265,0.1,177.7,70
2025-09-19 19:37:31.885927,257898500,KAROLIMA,Norway,70.236652,22.350057,0.0,350.4,30
2025-09-19 19:37:31.885942,259030000,WILSON NORFOLK,Norway,69.26867,17.9655,10.5,189.5,70
2025-09-19 19:38:10.083210,265064540,KINFISH TENDER 3,Sweden,81.93573,16.673895,7.2,74.1,90
2025-09-19 19:38:10.083260,257898600,BERGSFJORD,Norway,70.319713,22.292635,11.4,169.2,65
2025-09-19 19:38:10.083287,257747800,KIM ROGER,Norway,67.889035,13.028138,0.0,0.0,30
2025-09-19 19:38:10.083309,257597000,STRIL LUNA,Norway,71.873595,21.569818,7.6,150.4,90
2025-09-19 19:38:10.083328,257069000,NORNE,Norway,66.027353,8.087817,0.3,160.5,99
2025-09-19 19:38:10.083350,257747900,STOLT ORION,Norway,66.392892,12.830485,0.0,188.4,70
2025-09-19 19:38:10.083371,259030300,PELAGIA FJORD,Norway,68.555525,16.309115,9.6,71.2,73
2025-09-19 19:38:10.083393,257069160,SVARTSKJAER,Norway,65.676148,12.127638,0.1,0.0,52
2025-09-19 19:38:10.083419,257069200,KV FARM,Norway,68.703262,15.418685,0.0,249.5,55
2025-09-19 19:38:10.083441,258955000,NORTH SEA ATLANTIC,Norway,65.516578,7.200563,0.4,96.5,99
2025-09-19 19:38:10.083466,257069260,TJOETTAGUTTEN,Norway,65.676148,12.127415,0.0,58.0,79
2025-09-19 19:38:10.083501,258729000,EIDSVAAG PIONER,Norway,67.665522,15.19354,9.3,268.7,70
2025-09-19 19:38:10.083522,257597600,HAUKOYFJORD,Norway,68.252928,16.064565,0.0,315.5,30
2025-09-19 19:38:10.083544,257974800,KVAENANGSTIND,Norway,69.86999999999999,21.93,0.0,0.0,70
2025-09-19 19:38:10.083566,258503000,FRUHOLMEN,Norway,65.69704,12.280562,8.3,190.4,30
2025-09-19 19:38:10.084232,235572000,ANVIL POINT,United Kingdom,65.45361,6.616712,16.7,207.5,70
2025-09-19 19:38:10.084270,257220740,SELFJORD,Norway,69.074015,17.05022,0.0,219.7,33
2025-09-19 19:38:10.084310,258201500,MJOE 2,Norway,70.676588,23.637748,0.0,13.2,32
2025-09-19 19:38:10.084329,257145500,DHARMA R,Norway,70.01166666666667,29.15666666666667,0.0,111.0,90
2025-09-19 19:38:10.084349,257749000,CABAL,Norway,67.866282,14.709752,10.2,211.6,70
2025-09-19 19:38:10.084368,630001042,NOR STAR,Guinea-Bissau,68.482995,14.53789,11.1,275.6,80
2025-09-19 19:38:10.084464,257824500,LYSBOEN II,Norway,68.087733,13.223535,0.0,314.3,30
2025-09-19 19:38:10.084610,257070350,NEMO,Norway,65.473373,12.207475,0.1,0.0,54
2025-09-19 19:38:10.084641,258051000,ARCTIC OPILIO,Norway,69.647545,18.979853,0.0,318.2,30
2025-09-19 19:38:10.084662,319301000,KEY WIND,Cayman Islands,65.958213,9.638862,11.4,202.0,89
2025-09-19 19:38:10.084680,257070450,ARON,Norway,65.802525,12.725453,0.1,0.0,60
2025-09-19 19:38:10.084699,259031690,KB VARG,Norway,66.668907,13.392638,0.0,339.0,79
2025-09-19 19:38:10.084721,259258000,BELA MARIE,Norway,69.674198,18.754282,0.0,284.4,30
2025-09-19 19:38:10.085108,257221500,KURT ENDRE,Norway,69.776492,18.401775,0.0,203.0,30
2025-09-19 19:38:10.085163,259032110,WHALE2SEA3,Norway,69.500032,17.284633,3.4,119.0,60
2025-09-19 19:38:10.085186,257523500,LOFOTVAERING,Norway,68.24009,14.579613,0.0,253.7,30
2025-09-19 19:38:10.085206,259183000,RO MASTER,Norway,69.087077,17.394095,11.2,41.8,75
2025-09-19 19:38:10.085440,258127000,LOPPOEY,Norway,70.306223,22.176812,23.3,300.6,40
2025-09-19 19:38:10.085469,257071020,GERD O,Norway,68.682007,17.060117,0.1,133.0,70
2025-09-19 19:38:10.085494,257825500,BJORNTIND,Norway,68.071515,13.536917,0.0,25.3,30
2025-09-19 19:38:10.085544,259032530,HYBRID FOUR,Norway,66.372852,12.360595,0.0,0.0,99
2025-09-19 19:38:10.085569,257448500,SKAARUNGEN,Norway,68.23234,14.53931,0.0,0.0,30
2025-09-19 19:38:10.085589,259032570,VA RIB 1,Norway,68.69666666666667,15.42,0.0,5.0,40
2025-09-19 19:38:10.085607,257297700,ISPRINS,Norway,66.878293,13.668418,8.1,128.7,60
2025-09-19 19:38:10.085627,257976600,NOVA PIONER,Norway,66.133478,12.84936,0.0,358.4,70
2025-09-19 19:38:10.085669,257147000,HORNSTIND,Norway,68.23333333333333,14.55,0.0,307.0,60
2025-09-19 19:38:10.085698,257298000,LOS 130,Norway,66.06238,12.648527,24.6,13.8,50
2025-09-19 19:38:10.085720,257750600,ARTHUR EILERTSEN,Norway,68.65717,15.903848,2.5,228.0,33
2025-09-19 19:38:10.085738,277589000,VILKAS,Lithuania,68.234302,14.534998,0.1,225.2,30
2025-09-19 19:38:10.085756,257599800,KVITNES,Norway,70.196942,21.817882,0.1,244.2,70
2025-09-19 19:38:10.085808,257072050,LOMTIND,Norway,69.474467,18.075745,0.1,347.4,52
2025-09-19 19:38:10.085829,257675500,EGGUMSVAERING,Norway,68.238955,13.630788,0.0,204.0,30
2025-09-19 19:38:10.085848,258203550,DUEN III,Norway,69.239733,17.979415,0.4,186.1,99
2025-09-19 19:38:10.085866,258430000,NORSEL,Norway,71.51333333333334,17.986666666666668,8.0,31.0,80
2025-09-19 19:38:10.085910,259033780,SEIPA,Norway,69.740217,30.041447,27.4,206.8,90
2025-09-19 19:38:10.085941,257223620,SKJAERGRUNN,Norway,70.946853,27.335475,0.0,93.1,30
2025-09-19 19:38:10.085959,259562000,O.HUSBY,Norway,75.450145,35.147272,2.2,279.9,30
2025-09-19 19:38:10.085979,257223700,SJOSERVICE I,Norway,70.668113,23.659713,0.0,345.9,31
2025-09-19 19:38:10.085999,257374600,DIVE MASTER,Norway,69.652218,18.999108,0.1,0.0,33
2025-09-19 19:38:10.086028,259034170,SEINGEN,Norway,70.727635,22.484773,4.3,281.6,30
2025-09-19 19:38:10.086061,229767000,ARCTIC AURORA,Malta,71.73469,26.096498,11.7,282.8,84
2025-09-19 19:38:10.086093,257752000,HAVILA CASTOR,Norway,70.036535,21.01788,13.3,234.9,60
2025-09-19 19:38:10.086114,257676600,ARCTIC PRINCE,Norway,67.296343,14.395893,0.0,71.1,40
2025-09-19 19:38:10.086134,259034410,TANTEYEN II,Norway,67.277527,14.556597,0.0,0.0,70
2025-09-19 19:38:10.086162,257073260,BARBATUS,Norway,78.227952,15.608752,0.0,0.0,99
2025-09-19 19:38:10.086182,257978500,SENNHOLMEN,Norway,67.655685,12.711798,0.0,67.9,30
2025-09-19 19:38:10.086200,259638000,GLUTRA,Norway,68.232017,16.11496,11.8,247.4,60
2025-09-19 19:38:10.086220,257827700,FOSNA TRITON,Norway,66.021535,12.625287,0.0,70.9,34
2025-09-19 19:38:10.086238,257073460,TROLL,Norway,65.44829,12.558095,4.3,230.3,40
2025-09-19 19:38:10.086266,259261000,AQS ODIN,Norway,67.143,14.278633,0.0,257.1,70
2025-09-19 19:38:10.086292,258205000,ARCTIC PIONEER,Norway,69.673462,18.9805,0.0,7.0,30
2025-09-19 19:38:10.086310,257677000,ISFJORD,Norway,71.725927,23.646483,8.4,30.3,80
2025-09-19 19:38:10.086329,257149000,KAMILLA G,Norway,73.24833333333332,22.138333333333332,9.0,322.0,30
2025-09-19 19:38:10.086368,259034890,STERKEFIX,Norway,67.440633,14.715282,0.0,147.1,70
2025-09-19 19:38:10.086397,258506910,NOVA STAR,Norway,66.339105,13.006825,0.0,0.0,33
2025-09-19 19:38:10.086417,259563000,SKOLMEN,Norway,69.964058,20.175957,7.6,233.6,30
2025-09-19 19:38:10.086440,273291510,NORVEZHSKOE MORE,Russia,75.97468,13.970035,0.3,112.5,30
2025-09-19 19:38:10.086464,257526600,FV MEHOLMEN,Norway,67.406322,13.900373,0.0,238.3,30
2025-09-19 19:38:10.086505,257074540,LENE K,Norway,67.208667,13.934578,0.3,153.6,30
2025-09-19 19:38:10.086525,314553000,WILSON LEITH,Barbados,68.57504,14.948242,0.0,102.2,70
2025-09-19 19:38:10.086554,258357000,FJORDKABEL,Norway,68.784593,16.54749,0.0,359.8,90
2025-09-19 19:38:10.086573,257301000,GEIR TORE H,Norway,68.785115,16.547622,0.0,324.0,70
2025-09-19 19:38:10.086594,982570082,KNM T MOB,Unknown,69.460975,16.793007,7.5,222.4,35
2025-09-19 19:38:10.086613,273217010,BOOTES,Russia,70.73881,20.723757,3.8,78.5,30
2025-09-19 19:38:10.086653,257603000,HANOEY,Norway,68.565288,14.995072,24.2,265.5,40
2025-09-19 19:38:10.086673,982570397,NAUTILUS ALDRA MOB,Unknown,65.803338,12.726417,0.2,0.0,53
2025-09-19 19:38:10.086733,257829600,ANNE GRO,Norway,70.125938,23.22489,0.0,341.3,90
2025-09-19 19:38:10.086751,259036500,HALOYGEN,Norway,68.790365,16.914353,0.0,307.7,70
2025-09-19 19:38:10.086782,259112000,SAMSKIP KVITBJORN,Norway,69.627685,18.946358,0.0,129.6,70
2025-09-19 19:38:10.086807,259263000,VIKANTIND,Norway,68.816737,14.547797,0.0,270.0,30
2025-09-19 19:38:10.086826,257452700,MS SOLVIK,Norway,67.294388,14.396563,0.0,308.3,53
2025-09-19 19:38:10.086854,257151000,SOERDYROEY,Norway,70.6679,23.663605,0.0,324.3,90
2025-09-19 19:38:10.086873,257075570,SJYBRYGGA 1,Norway,67.658983,12.699087,0.0,0.0,40
2025-09-19 19:38:10.086897,257075610,SJYBRYGGA 4,Norway,67.65898,12.699152,0.0,0.0,40
2025-09-19 19:38:10.086916,257075630,SJYBRYGGA 5,Norway,67.659048,12.699333,0.0,0.0,40
2025-09-19 19:38:10.086933,257000202,DUCK3,Norway,69.459348,16.785883,11.2,231.5,30
2025-09-19 19:38:10.086952,257000210,FOSNA ORION,Norway,65.525375,12.542798,0.0,0.0,99
2025-09-19 19:38:10.086974,257603700,SVENNINGEN,Norway,66.368585,12.593913,0.0,149.9,70
2025-09-19 19:38:10.086993,257075690,SJYBRYGGA 8,Norway,67.659062,12.69943,0.0,0.0,40
2025-09-19 19:38:10.087013,257754600,LUROEYSUND,Norway,66.358698,12.585548,0.0,171.0,70
2025-09-19 19:38:10.087033,257377500,VIRAK,Norway,66.88939,13.40689,10.8,230.9,60
2025-09-19 19:38:10.087054,257754700,RITA IRENE,Norway,66.343322,13.44835,0.0,0.0,70
2025-09-19 19:38:10.087072,259037060,SKJAAHOLMEN,Norway,70.894502,25.5792,0.0,49.7,70
2025-09-19 19:38:10.087093,257000520,KRISTINE,Norway,70.82992,24.45071,0.0,11.6,70
2025-09-19 19:38:10.087113,257000550,SULISKONGEN,Norway,67.483103,15.459635,0.0,0.0,70
2025-09-19 19:38:10.087131,257151420,LOKSTIND,Norway,70.023722,17.917895,5.2,32.7,30
2025-09-19 19:38:10.087160,257151600,STORSJONA,Norway,66.34329,13.448775,0.0,193.8,70
2025-09-19 19:38:10.087180,258962000,POLAR PIONEER,Norway,69.673388,18.980152,0.0,306.3,30
2025-09-19 19:38:10.087201,257528900,FLATOYJENTA,Norway,66.022683,12.243733,0.0,211.3,70
2025-09-19 19:38:10.087219,257076330,FROYSUND,Norway,69.475525,18.077257,0.1,114.4,31
2025-09-19 19:38:10.087238,259641000,THEA MATHILDE,Norway,69.828668,19.624777,9.5,73.1,30
2025-09-19 19:38:10.087257,259113000,SAMSKIP KVITNOS,Norway,67.290838,14.397577,0.0,77.6,70
2025-09-19 19:38:10.087275,257000970,TROLLTIND,Norway,65.822037,12.430903,0.0,0.0,70
2025-09-19 19:38:10.087294,257529000,HALTENTRAAL,Norway,71.055617,29.104753,4.0,165.7,30
2025-09-19 19:38:10.087313,257981600,LOFOTHAV,Norway,68.0726,13.536793,0.7,311.1,30
2025-09-19 19:38:10.087342,257604500,TRONDERGUT,Norway,67.103597,15.393437,0.0,0.0,38
2025-09-19 19:38:10.087362,258207950,EIDSVAERINGEN,Norway,68.643885,15.505548,0.0,0.0,70
2025-09-19 19:38:10.087391,257076660,LITSJONA,Norway,66.339232,13.006893,0.0,0.0,60
2025-09-19 19:38:10.087409,257604700,JAN R,Norway,67.139643,15.396328,0.0,0.0,70
2025-09-19 19:38:10.087428,258208160,BREISTRAND,Norway,68.90928,15.076785,0.0,350.8,33
2025-09-19 19:38:10.087446,244178000,SHETLAND,Netherlands,65.03015,10.3843,10.9,200.6,70
2025-09-19 19:38:10.087464,257303000,SKOTTIND,Norway,68.131387,13.426237,0.0,343.7,30
2025-09-19 19:38:10.087493,257001420,SOLBJORN,Norway,67.938018,13.08353,0.0,344.3,30
2025-09-19 19:38:10.087512,235051012,NAVAL AUXILIARY,United Kingdom,69.944062,17.616307,11.6,221.0,35
2025-09-19 19:38:10.087531,563175900,ARMADA 78 03,Singapore,66.89333333333333,5.1866666666666665,0.0,41.0,70
2025-09-19 19:38:10.087549,257755800,ALTSULA,Norway,70.1531,22.316647,8.9,328.3,70
2025-09-19 19:38:10.087588,257152520,FORROEY,Norway,69.326688,16.134613,0.1,337.9,30
2025-09-19 19:38:10.087633,257001950,AQS NJORD,Norway,68.127068,13.570665,0.0,169.6,52
2025-09-19 19:38:10.087652,259038590,ARNOYJENTA,Norway,67.151585,14.0006,0.0,3.6,99
2025-09-19 19:38:10.087670,257001960,RONJA OCEAN,Norway,66.030405,12.030138,0.5,338.2,70
2025-09-19 19:38:10.087697,257303700,ISFUGLEN,Norway,70.979435,25.975178,0.1,63.4,99
2025-09-19 19:38:10.087716,257077440,ROSTJENTA,Norway,70.63049,21.977038,0.0,143.5,25
2025-09-19 19:38:10.087735,258133500,S S FOLKVANG,Norway,68.677215,17.11841,0.0,243.8,67
2025-09-19 19:38:10.087753,257605500,ROHOLMEN,Norway,68.078293,13.542653,0.0,312.9,30
2025-09-19 19:38:10.087771,259038700,ECOFIVE,Norway,73.084188,32.139068,4.1,87.7,30
2025-09-19 19:38:10.087799,257303800,NAUTILUS,Norway,70.100405,21.599935,0.0,335.2,60
2025-09-19 19:38:10.087817,257077510,FDA HANS,Norway,69.987707,19.93816,0.3,182.4,33
2025-09-19 19:38:10.087844,257002120,NYMATIND,Norway,67.8973,13.042898,0.0,176.8,30
2025-09-19 19:38:10.087864,257153000,SKREIGRUNN,Norway,71.21729,27.685907,5.2,218.6,30
2025-09-19 19:38:10.087893,257002170,HAVNEVAKT 01,Norway,70.980595,25.975498,0.1,120.1,53
2025-09-19 19:38:10.087912,259039050,VEMUND,Norway,65.883123,11.933077,0.3,0.0,40
2025-09-19 19:38:10.087937,257077850,MAROYFJORD 2,Norway,70.897848,27.228305,0.1,126.9,70
2025-09-19 19:38:10.087956,258134000,FALKUNGEN,Norway,70.98198,25.968273,0.0,63.7,52
2025-09-19 19:38:10.087975,257078000,FJORDLAST II,Norway,67.292445,14.399492,0.0,254.9,70
2025-09-19 19:38:10.088003,259039240,HUNDHOLMEN,Norway,67.240997,15.412365,0.0,0.0,60
2025-09-19 19:38:10.088022,257681500,FUGLOEYBUEN,Norway,66.968977,13.791285,0.0,28.7,30
2025-09-19 19:38:10.088040,259039270,VOTTEN,Norway,68.65659,14.869707,0.1,0.0,53
2025-09-19 19:38:10.088058,257153500,PRESTFJORD,Norway,69.579618,15.900198,3.8,11.0,30
2025-09-19 19:38:10.088086,218004830,JAN MARIA,Germany,70.102642,20.221228,13.3,21.9,30
2025-09-19 19:38:10.088113,257832500,AQS HERMOD,Norway,70.62586,23.107427,0.0,25.0,52
2025-09-19 19:38:10.088134,259039560,BARENTS EXPERIENCE,Norway,69.728617,30.033235,0.0,0.0,40
2025-09-19 19:38:10.088174,273522400,ZAKHAR SOROKIN,Russia,71.272032,20.906683,4.0,241.9,30
2025-09-19 19:38:10.088192,273447010,ALFERAS,Russia,72.50833333333334,23.715,9.0,308.0,30
2025-09-19 19:38:10.088212,257003090,REIDAR VIKING,Norway,69.860308,20.704863,0.0,87.7,70
2025-09-19 19:38:10.088230,259039740,NORINGEN,Norway,69.546522,17.791585,0.0,131.0,70
2025-09-19 19:38:10.088250,257380400,VANDVE,Norway,66.176238,12.401537,9.6,345.3,60
2025-09-19 19:38:10.088277,257078770,EINAR,Norway,69.050558,14.40914,5.9,126.9,30
2025-09-19 19:38:10.088305,259040000,KV SVALBARD,Norway,71.043028,21.231368,12.1,49.7,55
2025-09-19 19:38:10.088323,257984000,KV JAN MAYEN,Norway,75.83333333333333,14.604999999999999,7.0,95.0,55
2025-09-19 19:38:10.088360,259040090,MAJESTIX,Norway,67.074047,14.063143,0.0,245.5,70
2025-09-19 19:38:10.088378,257757800,LITJTIND,Norway,66.133688,12.850315,0.3,0.0,60
2025-09-19 19:38:10.088397,257078960,LYSHOLMEN,Norway,70.629957,23.655228,0.0,0.0,70
2025-09-19 19:38:10.088417,257531600,SENJAVAERING,Norway,69.543673,17.665772,0.0,309.4,30
2025-09-19 19:38:10.088434,259040230,VA RIB 2,Norway,68.644932,15.35525,33.3,34.9,40
2025-09-19 19:38:10.088515,276842000,MERIKE,Estonia,76.09768,36.504747,13.7,103.6,30
2025-09-19 19:38:10.088544,257079080,STEINFJELL,Norway,70.872873,24.63175,0.1,66.5,70
2025-09-19 19:38:10.088560,257079120,IVER,Norway,68.830578,17.479622,0.1,0.0,70
2025-09-19 19:38:10.088574,257230000,RODOY,Norway,69.518632,17.92954,10.7,194.1,60
2025-09-19 19:38:10.088592,273296810,DMITRY MENDELEEV,Russia,68.117622,10.077668,11.5,27.7,80
2025-09-19 19:38:10.088611,314633000,WILSON DROGHEDA,Barbados,66.212185,13.015363,0.0,226.7,70
2025-09-19 19:38:10.088628,257003720,LIV GRANNES,Norway,65.713052,11.919278,0.0,332.0,40
2025-09-19 19:38:10.088649,257079200,KV HEIMDAL,Norway,67.285162,14.379937,0.0,180.7,55
2025-09-19 19:38:10.088665,257531800,BASUNEN,Norway,67.95616,15.174147,0.1,169.3,70
2025-09-19 19:38:10.088690,259040460,NOVA HOEVDING,Norway,66.66192,13.069492,0.0,38.9,79
2025-09-19 19:38:10.088719,273523300,ALEKSANDR MIRONENKO,Russia,70.620262,31.825295,7.4,129.9,30
2025-09-19 19:38:10.088737,259644000,JORUNN KNUTSEN/ASG C,Norway,65.1295,6.862,0.3,68.0,80
2025-09-19 19:38:10.088753,232866000,M/S ISBJORNEN 2,United Kingdom,69.687462,18.735412,0.0,184.9,90
2025-09-19 19:38:10.088769,259040560,USV BRIS,Norway,66.289357,14.052292,0.0,0.0,33
2025-09-19 19:38:10.088794,257984600,PETTER G,Norway,69.55,20.535,0.0,174.0,33
2025-09-19 19:38:10.088818,273523400,YANTARNYY,Russia,70.893487,18.59586,13.3,70.4,30
2025-09-19 19:38:10.088841,257230500,HYDROGRAF,Norway,69.675853,18.9829,0.0,322.8,90
2025-09-19 19:38:10.088856,257607700,SYV SOSTRE,Norway,65.994898,12.283137,0.1,289.2,70
2025-09-19 19:38:10.088873,212651000,ELISABETH J,Cyprus,67.291632,8.770507,13.4,205.0,80
2025-09-19 19:38:10.088895,259192000,RESCUE SUNDT FLYER,Norway,68.23333333333333,14.57,0.0,59.0,51
2025-09-19 19:38:10.088912,257080050,BARENTS OCEAN,Norway,69.80736,19.43365,8.4,244.4,70
2025-09-19 19:38:10.088927,257155500,AUSTHAVET,Norway,70.625568,29.697348,0.0,0.0,30
2025-09-19 19:38:10.088944,259343000,PETER HENRY VON KOSS,Norway,71.03666666666666,27.848333333333336,0.0,186.0,51
2025-09-19 19:38:10.088968,258287000,HASVIK,Norway,70.228827,22.275175,9.8,69.0,60
2025-09-19 19:38:10.088984,257306400,FROYAFERGA,Norway,65.178468,12.269472,0.0,322.0,60
2025-09-19 19:38:10.088999,257683600,ASBJOERN,Norway,68.979385,16.494593,0.0,0.0,99
2025-09-19 19:38:10.089016,257834500,HAVBRAATT 1,Norway,69.324568,16.119828,0.0,240.6,30
2025-09-19 19:38:10.089030,259041400,STORTIND,Norway,69.98615,19.926307,0.0,12.0,70
2025-09-19 19:38:10.089045,982575641,MUNIN,Unknown,78.22326,15.662167,0.1,0.0,92
2025-09-19 19:38:10.089061,257985500,SIRE ELISE,Norway,69.397637,18.15721,0.0,149.3,33
2025-09-19 19:38:10.089076,257683800,HELLIGVAER,Norway,67.406747,13.903485,0.0,0.0,60
2025-09-19 19:38:10.089092,257004950,BORFJORD,Norway,70.63333333333334,22.566666666666666,0.0,19.0,70
2025-09-19 19:38:10.089107,257004980,LISSKJAER,Norway,66.493932,12.083892,0.0,0.0,70
2025-09-19 19:38:10.089130,257985600,THORBJOERN,Norway,68.682105,17.116345,0.0,305.2,70
2025-09-19 19:38:10.089145,257608600,EMMA V,Norway,70.994823,24.65487,0.0,150.4,30
2025-09-19 19:38:10.089161,257457800,EIDSFJORD,Norway,69.929743,20.95922,0.0,80.7,70
2025-09-19 19:38:10.089177,257608700,DONNAMANNEN,Norway,67.442188,15.482047,0.0,0.0,40
2025-09-19 19:38:10.089191,257307000,POLFOSS,Norway,70.081267,20.934493,14.4,33.0,70
2025-09-19 19:38:10.089208,257005280,HEROEYVAERINGEN,Norway,65.128907,12.0755,0.0,146.2,79
2025-09-19 19:38:10.089222,257005300,LINDESNES,Norway,68.212673,14.482633,0.0,352.0,54
2025-09-19 19:38:10.089239,257080750,EIDSVAAG OPAL,Norway,70.072133,19.346225,0.2,329.8,70
2025-09-19 19:38:10.089261,257080800,ELIASSEN,Norway,70.197298,21.81774,0.0,170.0,70
2025-09-19 19:38:10.089282,257080810,STOROY II,Norway,68.723945,17.335782,0.0,297.3,70
2025-09-19 19:38:10.089302,257458000,RO SAILOR,Norway,70.948657,26.774758,11.4,146.4,70
2025-09-19 19:38:10.089324,257005480,KJOEFJORD,Norway,68.18813,16.108142,0.0,121.1,70
2025-09-19 19:38:10.089347,259193000,DET NORSKE VERITAS,Norway,68.070915,13.538272,0.0,23.0,51
2025-09-19 19:38:10.089372,257231800,HALTBAKKDIESEL BENSI,Norway,68.552335,16.55726,0.0,89.7,80
2025-09-19 19:38:10.089396,314635000,WILSON DUNDEE,Barbados,66.327678,14.143082,0.0,0.6,70
2025-09-19 19:38:10.089417,259042360,FDA NIKLAS,Norway,69.960353,19.62112,0.0,112.7,79
2025-09-19 19:38:10.089439,257005840,BJORNSTEIN,Norway,70.49771,20.615958,1.7,154.0,30
2025-09-19 19:38:10.089462,257458500,AARVIKSAND,Norway,70.568072,18.503363,8.2,229.0,95
2025-09-19 19:38:10.089488,257081580,LANDVIND,Norway,66.817537,13.61391,21.4,75.1,60
2025-09-19 19:38:10.089532,257986900,OYSKYSS 1,Norway,69.961,19.619475,0.0,0.0,69
2025-09-19 19:38:10.089554,257157200,KNM TANGEN,Norway,68.784167,16.55035,0.0,0.0,35
2025-09-19 19:38:10.089590,257157640,JM SENIOR,Norway,69.508068,17.908815,0.0,309.1,90
2025-09-19 19:38:10.089610,258968000,IBESTAD,Norway,69.576085,20.22781,5.2,295.9,60
2025-09-19 19:38:10.089631,257006840,ANDOYFISK,Norway,70.821208,22.931447,6.1,262.9,30
2025-09-19 19:38:10.089652,257459500,OYASKJAER,Norway,67.655497,12.720442,0.0,256.8,30
2025-09-19 19:38:10.089671,259647000,NESBAKK,Norway,68.552267,16.468525,6.7,83.8,30
2025-09-19 19:38:10.089708,259043580,RAMPEN EXPLORER,Norway,67.286187,14.38538,0.0,0.0,40
2025-09-19 19:38:10.089730,257082500,ALBATROSS,Norway,70.074142,29.743622,0.0,309.3,67
2025-09-19 19:38:10.089754,565369000,COSL PROSPECTOR,Singapore,70.62699,23.641653,0.0,161.6,90
2025-09-19 19:38:10.089775,257157980,VANNTIND,Norway,69.962143,19.624405,0.0,0.0,70
2025-09-19 19:38:10.089797,259043760,RAMSOYSUND,Norway,70.617677,24.603402,0.0,49.1,70
2025-09-19 19:38:10.089840,257837000,LOEDINGEN,Norway,68.420358,15.99565,0.0,251.3,60
2025-09-19 19:38:10.089861,257007260,VIKTOR,Norway,65.716767,12.465317,0.2,203.1,70
2025-09-19 19:38:10.089882,257610800,SVANFJELL,Norway,69.84174,18.806192,0.0,0.0,99
2025-09-19 19:38:10.089903,257007390,NINA MARI,Norway,70.069928,18.001103,6.1,232.4,30
2025-09-19 19:38:10.089937,212654000,BORIS VILKITSKY,Cyprus,66.121555,7.42267,19.0,205.1,84
2025-09-19 19:38:10.089961,259044120,STEINKJERRINGA,Norway,68.680558,17.117768,0.0,0.0,70
2025-09-19 19:38:10.089982,257309220,ANDHELLA,Norway,69.141173,15.681867,0.0,219.0,30
2025-09-19 19:38:10.090015,258290000,IDA ELISE,Norway,68.071197,13.536098,0.0,294.1,30
2025-09-19 19:38:10.090040,257007800,ROLFOYVARING,Norway,71.004708,23.89758,0.0,197.5,38
2025-09-19 19:38:10.090060,257007900,TOR ARNE,Norway,69.660042,18.99222,6.3,208.0,52
2025-09-19 19:38:10.090084,259648000,OKSNESVAERING 2,Norway,68.909782,15.068948,0.0,322.7,30
2025-09-19 19:38:10.090109,258592000,KNM MAGNUS LAGABOETE,Norway,69.478685,16.832523,8.2,222.1,35
2025-09-19 19:38:10.090138,257611500,HALLVARSON,Norway,69.543472,17.665492,0.0,0.0,30
2025-09-19 19:38:10.090170,258290500,MS DRAUG,Norway,68.78352,16.54877,0.0,115.6,33
2025-09-19 19:38:10.090191,257159200,MALMOEYA,Norway,68.784267,16.550417,0.0,0.0,35
2025-09-19 19:38:10.090216,259045000,KNM THOR HEYERDAHL,Norway,69.72786,17.003072,7.3,202.7,35
2025-09-19 19:38:10.090249,257084040,GUNNAR JARL,Norway,68.912522,15.076628,0.0,349.8,30
2025-09-19 19:38:10.090269,258819000,SNOFJELL,Norway,65.76431,12.536825,12.3,213.4,40
2025-09-19 19:38:10.090292,257310400,LOFOTFERGE 1,Norway,66.020443,12.940322,0.0,0.0,60
2025-09-19 19:38:10.090316,257536700,ASBJORN_SELSBANE,Norway,69.705082,19.02606,0.0,9.4,30
2025-09-19 19:38:10.090336,257235000,RO SPIRIT,Norway,67.846235,14.665443,9.4,233.7,90
2025-09-19 19:38:10.090361,257008720,VIKABUEN,Norway,69.259758,17.941007,0.0,66.0,30
2025-09-19 19:38:10.090383,257310500,TRANOY,Norway,68.24762,16.082822,14.3,349.1,60
2025-09-19 19:38:10.090416,257084240,OEYFJORD,Norway,70.480243,22.162367,0.0,149.9,30
2025-09-19 19:38:10.090432,255801980,DINA STAR,Madeira,67.023962,6.393875,0.5,170.6,70
2025-09-19 19:38:10.090447,259649000,MELSHORN,Norway,68.726163,16.852577,0.0,315.3,67
2025-09-19 19:38:10.090462,257009050,STEIGEN,Norway,67.874772,14.792398,11.3,241.0,70
2025-09-19 19:38:10.090476,259045730,NESSVAAG1,Norway,67.526882,12.139927,0.0,0.0,40
2025-09-19 19:38:10.090492,257160020,VESTVARDEN,Norway,67.28176,14.37056,0.0,20.0,30
2025-09-19 19:38:10.090515,259423000,POLARHAV,Norway,66.866767,13.713497,0.0,85.7,30
2025-09-19 19:38:10.090530,259045890,ELDIABLO,Norway,65.851583,12.498547,0.0,338.4,70
2025-09-19 19:38:10.090545,982580054,RO SUNRISE MOB,Unknown,68.006122,15.260808,0.6,352.9,51
2025-09-19 19:38:10.090577,257914500,SKJERSTADFJORD,Norway,67.202352,15.27816,0.0,259.0,70
2025-09-19 19:38:10.090592,259046000,HS-4 SLEIPNER,Norway,69.324245,16.13716,0.0,339.1,35
2025-09-19 19:38:10.090609,257009450,ARCTIC CAPTAIN,Norway,67.11999999999999,14.308333333333334,0.0,0.0,70
2025-09-19 19:38:10.090623,257160400,OEYKONGEN,Norway,68.232168,14.566443,0.0,0.0,99
2025-09-19 19:38:10.090639,257688500,M/S HAVBOEN,Norway,67.656527,12.71108,0.0,126.9,30
2025-09-19 19:38:10.090655,258518310,BERG VIKING,Norway,69.96499999999999,20.955,0.0,355.0,70
2025-09-19 19:38:10.090670,563033300,DANCING BRAVE,Singapore,66.282042,11.559028,12.8,271.2,80
2025-09-19 19:38:10.090685,257009900,RAMSTEIN,Norway,66.488998,12.964767,0.7,287.7,60
2025-09-19 19:38:10.090702,259650000,VARDEHORN,Norway,66.18629,12.999322,9.8,170.5,60
2025-09-19 19:38:10.090718,257085540,JARL INGE,Norway,67.889828,13.026532,0.0,308.5,30
2025-09-19 19:38:10.090736,259047000,HS 5 MJOLNER,Norway,69.45656,16.79622,4.9,229.7,35
2025-09-19 19:38:10.090749,257085820,BRIM,Norway,69.623993,18.917605,4.2,265.4,69
2025-09-19 19:38:10.090765,257085840,MORGENSTJERNE,Norway,68.901,15.287408,0.0,170.6,30
2025-09-19 19:38:10.090782,273529800,BORIS SYROMYATNIKOV,Russia,70.75842,20.543107,4.5,286.2,30
2025-09-19 19:38:10.090803,257010550,LEO,Norway,70.817438,27.56248,0.1,161.1,33
2025-09-19 19:38:10.090835,257010730,AQS TYR,Norway,65.436223,12.574433,6.2,352.2,70
2025-09-19 19:38:10.090852,257086180,FJORDDRONNINGEN,Norway,69.53737,18.577828,31.8,69.5,40
2025-09-19 19:38:10.090867,257765090,WINTER,Norway,68.787005,16.54496,0.1,256.0,60
2025-09-19 19:38:10.090893,412549626,FU YUAN YU 8633,China,66.88833333333334,4.3,57.0,164.0,30
2025-09-19 19:38:10.090908,412549628,FUYUANYU8620,China,68.41000000000001,-3.26,60.0,234.0,30
2025-09-19 19:38:10.090925,258746000,BORGENFJORD,Norway,68.882888,16.429677,9.8,305.1,70
2025-09-19 19:38:10.090940,257991700,TORGHATTEN,Norway,65.331403,12.361702,0.0,155.9,70
2025-09-19 19:38:10.090971,258293500,SKAASKJAER,Norway,69.63269,18.005492,0.0,305.4,60
2025-09-19 19:38:10.090986,258519810,SEA MORE,Norway,67.281357,14.372828,0.0,0.0,60
2025-09-19 19:38:10.091000,259425000,FJORDKYST,Norway,69.644438,18.955672,0.0,14.3,40
2025-09-19 19:38:10.091015,273379740,FRIO FORWIN,Russia,71.271785,20.907222,4.0,242.6,70
2025-09-19 19:38:10.091030,259576000,BAATSFJORD,Norway,72.513573,24.812232,3.8,301.5,30
2025-09-19 19:38:10.091045,257086800,FJORDCRUISE,Norway,66.57527,13.003162,0.0,328.2,60
2025-09-19 19:38:10.091061,257011430,MAASVAER,Norway,69.939585,19.47435,0.3,290.7,33
2025-09-19 19:38:10.091078,211753000,MARIA S. MERIAN,Germany,67.283202,3.212178,4.5,61.1,90
2025-09-19 19:38:10.091092,257011630,FCS VEGA,Norway,65.37188,12.192703,0.0,18.1,70
2025-09-19 19:38:10.091106,259350000,ANNA-SOFIE,Norway,67.935,13.085,0.0,101.0,30
2025-09-19 19:38:10.091121,257011700,JOEFJORD,Norway,70.246417,23.394633,0.0,333.0,60
2025-09-19 19:38:10.091137,257087230,M S DANIEL,Norway,68.487857,17.33597,0.4,111.0,52
2025-09-19 19:38:10.091151,257011800,NORDIC LADY,Norway,67.270453,13.998447,22.0,45.9,60
2025-09-19 19:38:10.091167,257162700,AASE ELISABETH,Norway,68.681677,17.0597,0.0,0.0,70
2025-09-19 19:38:10.091183,257011920,OLE SENIOR,Norway,66.022205,12.24085,0.0,208.1,70
2025-09-19 19:38:10.091206,257012000,KNM STORM,Norway,68.306103,15.55167,42.8,109.3,35
2025-09-19 19:38:10.091222,257238320,SANDVIKNES,Norway,69.754683,19.677155,0.0,73.4,30
2025-09-19 19:38:10.091237,257087470,LOFOTJENTA,Norway,67.406857,13.905232,0.0,244.0,99
2025-09-19 19:38:10.091253,257087560,AASVAERKONGEN,Norway,66.167348,12.570692,0.1,358.1,40
2025-09-19 19:38:10.091286,257012430,BREITIND,Norway,66.67664,13.312942,0.0,74.7,70
2025-09-19 19:38:10.091301,257087930,KVANNHOLMEN,Norway,68.878197,15.080065,0.0,182.6,79
2025-09-19 19:38:10.091316,259200000,OLE OSKAR,Norway,68.676247,17.118387,0.0,130.3,30
2025-09-19 19:38:10.091333,273532110,KURSHSKAYA KOSA,Russia,70.721117,20.57175,4.7,72.8,30
2025-09-19 19:38:10.091349,257842500,SKOMVAERFISK,Norway,68.240167,14.580167,0.0,0.0,30
2025-09-19 19:38:10.091365,257540800,LOS 124,Norway,68.467753,15.104067,22.2,91.5,50
2025-09-19 19:38:10.091386,257088220,ELDORADO,Norway,66.582557,12.230502,0.0,310.9,70
2025-09-19 19:38:10.091421,257088310,LOFOTVAERING II,Norway,68.24111,14.580663,0.0,150.3,30
2025-09-19 19:38:10.091441,259125000,LOTE,Norway,68.240795,16.208848,11.9,80.0,60
2025-09-19 19:38:10.091458,257013000,STRIL POLAR,Norway,65.82271,7.718145,0.4,309.7,70
2025-09-19 19:38:10.091488,257088500,HAVSULA,Norway,69.936915,20.916423,0.1,0.0,90
2025-09-19 19:38:10.091512,257013190,SANDHORNET,Norway,67.122593,14.044043,0.0,0.0,70
2025-09-19 19:38:10.091530,257013250,NORDENSKIOLD EXPRESS,Norway,78.228093,15.609735,0.0,0.0,90
2025-09-19 19:38:10.091554,231065001,FRB SJOBORG,Faroe Islands,70.667955,23.664985,0.2,0.0,51
2025-09-19 19:38:10.091569,257088720,FROY SKULD,Norway,69.475263,18.07593,0.1,313.1,56
2025-09-19 19:38:10.091593,255806445,VASCO DA GAMA,Madeira,70.938,21.448117,11.2,62.8,60
2025-09-19 19:38:10.091609,255806463,WILSON FLEX IV,Madeira,67.250192,15.422975,0.0,115.2,70
2025-09-19 19:38:10.091631,257390700,FJORDFUGLEN,Norway,70.979425,25.975113,0.0,275.3,60
2025-09-19 19:38:10.091655,257089140,EAGLE BLANE,Norway,65.864262,7.13688,11.9,204.6,80
2025-09-19 19:38:10.091679,257089390,FJORDPRINSEN,Norway,68.831117,16.662767,31.4,52.9,40
2025-09-19 19:38:10.091694,257089430,STORHOLMEN,Norway,70.246637,22.867367,0.0,0.0,70
2025-09-19 19:38:10.091717,257617500,SOLSTRAND,Norway,69.672443,18.747197,0.0,340.6,30
2025-09-19 19:38:10.091732,257843800,SAGFJORD,Norway,67.634675,15.262337,0.0,332.2,70
2025-09-19 19:38:10.091765,257014160,SIGRID SIGURDSDOTTER,Norway,65.655022,12.016565,0.0,315.4,40
2025-09-19 19:38:10.091780,257089640,JAN GUNNAR,Norway,70.857507,29.089413,0.1,308.7,30
2025-09-19 19:38:10.091795,257617700,MARGARETH,Norway,70.857878,29.097762,0.0,53.9,30
2025-09-19 19:38:10.091812,257994900,OV LYNGOY,Norway,70.073502,29.746457,0.0,0.0,90
2025-09-19 19:38:10.091834,257089790,KONGSFJORD,Norway,73.09317,32.162758,9.2,251.2,30
2025-09-19 19:38:10.091849,258674000,OV SKOMVAER,Norway,68.795478,16.544323,0.0,270.7,90
2025-09-19 19:38:10.091863,273534110,LIRA,Russia,70.75185,20.81895,4.1,262.0,30
2025-09-19 19:38:10.091878,258372500,FJORD II,Norway,69.908597,20.164122,0.0,63.8,70
2025-09-19 19:38:10.091904,257090260,KVAROEYVAERING,Norway,66.589083,12.846617,0.2,330.9,60
2025-09-19 19:38:10.091919,257014990,LANDFALL1,Norway,70.132477,19.994113,0.0,0.0,70
2025-09-19 19:38:10.091933,257090430,BEN HUR,Norway,70.903475,29.209413,7.7,214.3,30
2025-09-19 19:38:10.091963,257090600,FUGLOY,Norway,69.711175,18.364662,0.1,180.1,70
2025-09-19 19:38:10.091977,257995800,GLIMT II,Norway,66.489098,12.96575,0.0,91.7,70
2025-09-19 19:38:10.091993,257317000,GADUS NEPTUN,Norway,71.694632,25.001517,3.1,25.4,30
2025-09-19 19:38:10.092008,257996000,MARTIN H,Norway,69.782717,19.26645,11.0,72.0,70
2025-09-19 19:38:10.092022,257543500,ANN-BRITA,Norway,67.938247,13.07526,0.0,229.9,30
2025-09-19 19:38:10.092039,257920700,HAVBRUKSSERVICE,Norway,69.33609,17.095287,0.0,307.0,70
2025-09-19 19:38:10.092054,258147000,SAGA POLARIS,Norway,68.239552,14.580635,0.0,251.4,30
2025-09-19 19:38:10.092069,257166400,KYSTFISK,Norway,68.909572,15.076422,0.0,223.7,30
2025-09-19 19:38:10.092084,257317400,MELFJORD,Norway,67.292342,14.398402,0.0,138.1,60
2025-09-19 19:38:10.092098,257770000,MELOYFJORD,Norway,66.79355,13.445018,0.0,334.3,30
2025-09-19 19:38:10.092112,258373500,AURORA,Norway,69.874038,19.418105,0.7,169.2,33
2025-09-19 19:38:10.092127,982586740,OV SKOMVAER 2,Unknown,68.795357,16.54408,0.1,0.0,33
2025-09-19 19:38:10.092141,258072000,KV JARL,Norway,69.310522,16.196178,0.0,106.1,55
2025-09-19 19:38:10.092155,257468600,GOLNES,Norway,70.073682,29.740188,0.2,327.8,30
2025-09-19 19:38:10.092172,259279000,STEINAR HALTBAKK,Norway,66.220385,12.872662,8.8,202.2,81
2025-09-19 19:38:10.092186,257619600,ANNABELL,Norway,70.621812,29.692068,0.1,0.0,70
2025-09-19 19:38:10.092210,257016340,TENNESVAERING,Norway,69.489352,17.485112,0.0,0.0,30
2025-09-19 19:38:10.092232,210400000,SEAPIPER,Cyprus,66.079455,8.063183,0.3,125.6,33
2025-09-19 19:38:10.092246,257091810,ROAR K,Norway,70.635162,29.7294,0.0,346.0,30
2025-09-19 19:38:10.092261,231219000,BILLEFJORD,Norway,78.228317,15.608062,0.0,267.4,60
2025-09-19 19:38:10.092278,257016650,SARA KARIN,Norway,74.894685,19.401555,1.6,266.7,30
2025-09-19 19:38:10.092292,257167540,BOY-ANGEL,Norway,70.48334,22.163407,0.0,289.9,30
2025-09-19 19:38:10.092307,259506000,SVEASUND,Norway,66.071433,13.001473,0.0,97.5,79
2025-09-19 19:38:10.092322,258450000,CABELA,Norway,66.189113,13.231438,0.1,270.4,79
2025-09-19 19:38:10.092336,257922000,SENJAFISK,Norway,69.67308,18.980453,0.0,309.0,30
2025-09-19 19:38:10.092350,257016900,MYLINGEN,Norway,70.577015,24.082425,0.0,204.3,70
2025-09-19 19:38:10.092365,259657000,PELAGIA HAV,Norway,71.042803,25.893478,0.0,117.2,73
2025-09-19 19:38:10.092380,257545000,WILSON PORTO,Norway,67.330958,13.432185,11.0,228.0,70
2025-09-19 19:38:10.092405,257168000,VALDIMAR H,Norway,70.995798,25.964695,0.0,340.1,30
2025-09-19 19:38:10.092436,258375000,RO CHIEF,Norway,70.442742,22.044493,6.2,71.8,70
2025-09-19 19:38:10.092457,257319000,SILVER STAR,Norway,68.308602,-6.722823,12.3,253.6,70
2025-09-19 19:38:10.092491,257771700,AQS MARINE,Norway,70.479132,23.628715,0.0,0.0,34
2025-09-19 19:38:10.092512,257922600,THOR ARILD,Norway,71.12888,25.886542,5.8,18.9,30
2025-09-19 19:38:10.092544,304011026,THEBE,Antigua and Barbuda,66.177628,12.809067,10.3,319.8,70
2025-09-19 19:38:10.092566,250002443,ARKLOW FOREST,Ireland,66.805597,13.920215,3.6,84.5,70
2025-09-19 19:38:10.092587,258149000,MALANGEN,Norway,68.449193,14.843917,13.6,4.7,60
2025-09-19 19:38:10.092609,258828000,OV BOEKFJORD,Norway,69.626797,18.020815,9.1,308.4,90
2025-09-19 19:38:10.092630,231522000,HAV ATLANTIC,Faroe Islands,68.912537,15.065772,0.0,134.0,70
2025-09-19 19:38:10.092652,257017910,JOHN B,Norway,70.66903,23.666718,0.0,1.4,70
2025-09-19 19:38:10.092673,257470500,FROEYBANKEN,Norway,67.933935,13.082958,3.9,128.2,30
2025-09-19 19:38:10.092693,257093370,SENJA,Norway,71.451165,19.813767,2.8,161.4,30
2025-09-19 19:38:10.092711,257847700,AKTIV,Norway,70.631248,21.983817,0.3,229.1,20
2025-09-19 19:38:10.092733,257093390,RAMNTINDEN,Norway,69.445145,17.993468,0.0,119.9,52
2025-09-19 19:38:10.092757,258074000,GULLHOLMEN,Norway,70.995703,24.662438,0.0,319.3,30
2025-09-19 19:38:10.092779,257546000,WILSON PARNU,Norway,65.050268,9.226862,9.2,218.2,79
2025-09-19 19:38:10.092800,257018000,FOSNASUND,Norway,68.668073,14.919322,0.0,339.8,31
2025-09-19 19:38:10.092833,257998700,HOLMSUND,Norway,67.286297,14.384768,0.0,0.0,70
2025-09-19 19:38:10.092854,257093560,HEKKINGEN,Norway,69.508045,17.907472,0.0,244.8,33
2025-09-19 19:38:10.092874,257244500,BORG FIX,Norway,69.67291,18.979332,0.0,268.7,52
2025-09-19 19:38:10.092906,257999000,HELENE H,Norway,69.991113,20.324082,8.1,71.5,79
2025-09-19 19:38:10.092928,273537800,KARACHAROVO,Russia,75.590387,14.256753,6.2,156.4,30
2025-09-19 19:38:10.092960,258301000,ODDOEY,Norway,66.122197,12.771043,8.6,43.3,70
2025-09-19 19:38:10.092994,257094290,BORG PARAT,Norway,68.800973,16.547943,0.0,316.3,52
2025-09-19 19:38:10.093028,257094310,HALOY  VIKINGSON,Norway,69.954833,21.88335,0.4,317.6,79
2025-09-19 19:38:10.093051,257471500,HELMER HANSSEN,Norway,76.601442,13.794907,3.0,317.4,90
2025-09-19 19:38:10.093084,273613930,BELOYE MORE,Russia,75.88166666666666,14.1,3.0,340.0,30
2025-09-19 19:38:10.093105,257170000,FROY HARVEST,Norway,68.807663,16.543657,0.0,270.8,70
2025-09-19 19:38:10.093126,257019140,OEYKRAFT,Norway,70.67041,23.674647,0.0,283.9,34
2025-09-19 19:38:10.093148,257848900,FAGDYKK MULTI,Norway,69.834938,19.610027,7.2,247.8,34
2025-09-19 19:38:10.093168,258301500,LONGYEAR 2,Norway,78.229002,15.60224,0.1,37.2,53
2025-09-19 19:38:10.093189,257396400,TRONDENES,Norway,66.207337,12.966653,10.9,359.5,60
2025-09-19 19:38:10.093212,257094710,OKSTIND,Norway,66.53384,12.886007,0.7,207.6,70
2025-09-19 19:38:10.093232,258000010,KARI,Norway,65.09172,12.37581,7.5,30.1,60
2025-09-19 19:38:10.093254,257472000,STRIL BARENTS,Norway,70.628598,23.642022,0.0,286.9,70
2025-09-19 19:38:10.093289,982590450,RHIB F314,Unknown,69.338525,16.228037,4.9,30.6,35
2025-09-19 19:38:10.093309,257547700,LEISKJER,Norway,67.571803,15.125323,0.1,174.8,70
2025-09-19 19:38:10.093331,257396900,ARNOEYSUND,Norway,66.408697,12.887747,0.0,257.2,70
2025-09-19 19:38:10.093353,258000520,SKARVEN,Norway,71.018092,28.225587,17.8,238.8,60
2025-09-19 19:38:10.093386,257699000,GROTANGER,Norway,68.790495,16.912895,0.0,297.5,70
2025-09-19 19:38:10.093411,257774500,M/S KROGH SENIOR,Norway,68.239047,13.631693,0.0,108.9,30
2025-09-19 19:38:10.093438,257246500,R/S DAGFINN PAUST,Norway,69.323717,16.133722,0.0,322.6,51
2025-09-19 19:38:10.093461,257020230,FLEINAMANNEN,Norway,67.122735,14.043522,0.0,0.0,40
2025-09-19 19:38:10.093481,258529000,MASBOEN,Norway,68.234602,14.572722,0.1,210.8,99
2025-09-19 19:38:10.093504,257548500,VESTSKJAER,Norway,68.571387,14.885858,0.0,96.0,30
2025-09-19 19:38:10.093534,258001160,BAS,Norway,68.731422,17.22551,0.1,119.0,33
2025-09-19 19:38:10.093556,257548600,ANDOPSVAERING,Norway,68.071398,13.53561,0.0,44.0,30
2025-09-19 19:38:10.093599,257247000,DOGGI,Norway,71.012417,24.747377,11.5,288.9,30
2025-09-19 19:38:10.093619,257096150,VETTOEY,Norway,68.339947,15.38182,0.1,220.9,70
2025-09-19 19:38:10.093652,257850500,THEA ELISE,Norway,69.705,19.024908,0.0,47.5,30
2025-09-19 19:38:10.093675,257548800,NAUTILUS MULTI,Norway,65.998973,12.273645,0.0,351.6,77
2025-09-19 19:38:10.093719,257020890,WILE E. COYOTE,Norway,68.779338,17.181497,0.0,99.2,70
2025-09-19 19:38:10.093765,259963000,SOEROEYFISK,Norway,70.978102,25.963025,0.0,311.4,30
2025-09-19 19:38:10.093786,258001800,KVITVAER,Norway,69.975307,20.666538,0.0,316.1,33
2025-09-19 19:38:10.093807,257851000,SKROVA,Norway,68.785147,16.713882,11.0,6.9,70
2025-09-19 19:38:10.093828,259058000,ASGARD B,Norway,65.11,6.79,0.0,342.0,99
2025-09-19 19:38:10.093849,258002030,MOEN NAMDAL,Norway,70.283265,23.400657,0.0,246.2,70
2025-09-19 19:38:10.093871,257021600,BREITIND,Norway,66.13361,12.850372,0.0,356.0,70
2025-09-19 19:38:10.093892,258002250,KV MOB 2218,Norway,69.326642,16.139425,0.5,0.0,35
2025-09-19 19:38:10.093913,258002260,KV MOB 2219,Norway,68.703227,15.41887,0.1,0.0,35
2025-09-19 19:38:10.093933,257323400,BASEN,Norway,69.67049,18.99334,0.1,359.8,70
2025-09-19 19:38:10.093954,258002330,KV MOB 2220,Norway,67.285287,14.379403,0.1,0.0,35
2025-09-19 19:38:10.093987,257549800,STIAN-ANDRE,Norway,69.909852,20.163047,0.0,6.7,30
2025-09-19 19:38:10.094008,258002430,FROY HILD,Norway,70.817732,27.493127,0.3,250.5,56
2025-09-19 19:38:10.094040,257399000,NOR SLEP,Norway,68.974052,15.644773,0.0,12.6,31
2025-09-19 19:38:10.094070,257851700,FALK,Norway,68.78502,16.54239,1.2,261.1,53
2025-09-19 19:38:10.094091,257021970,EINARSON,Norway,69.509322,17.902562,0.0,0.0,30
2025-09-19 19:38:10.094112,257701000,FOLLA,Norway,70.83814,27.292533,14.5,74.4,79
2025-09-19 19:38:10.094134,257776500,STRANDFLAESA,Norway,70.979798,25.975767,0.0,0.0,30
2025-09-19 19:38:10.094167,257927500,STORMFUGLEN,Norway,70.007543,20.954302,0.1,86.7,30
2025-09-19 19:38:10.094200,258154000,SORKAPP,Norway,72.16666666666667,27.973333333333336,3.0,178.0,30
2025-09-19 19:38:10.094222,257022700,MELOYTIND,Norway,67.133002,13.97506,10.0,203.7,60
2025-09-19 19:38:10.094245,257098320,KARL VIKTOR,Norway,68.154778,14.208068,0.0,7.0,30
2025-09-19 19:38:10.094267,257701800,VAAGAKALLEN,Norway,67.142667,14.27675,0.0,0.0,79
2025-09-19 19:38:10.094290,258607000,NORMAND VISION,Norway,65.11666666666666,6.793333333333334,0.0,202.0,99
2025-09-19 19:38:10.094311,257098420,HERMES II,Norway,69.65125,18.960615,0.0,189.1,60
2025-09-19 19:38:10.094334,258154500,FJORD EXPLORER,Norway,66.656525,13.077402,0.0,0.0,60
2025-09-19 19:38:10.094356,257626600,TROLLTIND,Norway,68.941823,16.672127,0.0,37.1,99
2025-09-19 19:38:10.094388,325137500,MS FARM,Dominica,78.165433,14.354365,7.1,258.1,90
2025-09-19 19:38:10.094408,257023310,STADDA,Norway,67.925,16.223617,16.7,184.5,69
2025-09-19 19:38:10.094431,257928600,KORSVIKTIND,Norway,67.122797,14.046078,0.0,0.0,70
2025-09-19 19:38:10.094450,319027800,ZCYR9,Cayman Islands,65.903385,10.770272,12.0,30.0,36
2025-09-19 19:38:10.094481,257928800,RS KLAVENESS MARINE,Norway,70.02931,20.975462,0.0,343.3,51
2025-09-19 19:38:10.094502,258306000,TROMSBAS,Norway,69.634938,18.935023,0.0,4.1,30
2025-09-19 19:38:10.094521,257778000,BODOE,Norway,67.47739,12.083307,15.6,333.6,60
2025-09-19 19:38:10.094543,257023700,AKKARFJORD,Norway,70.601783,23.617652,0.0,328.5,60
2025-09-19 19:38:10.094565,257250000,ROEDHOLMEN,Norway,68.417177,15.9957,0.0,40.0,30
2025-09-19 19:38:10.094586,265472000,STOCKHOLM,Sweden,78.415237,15.802723,9.4,207.2,70
2025-09-19 19:38:10.094607,258381500,ODD KAARE,Norway,70.994388,24.660313,0.0,286.3,70
2025-09-19 19:38:10.094630,259664000,LOVUND EXPRESS,Norway,66.58334,12.217032,25.5,53.1,40
2025-09-19 19:38:10.094652,257702800,BEKKEBAATEN,Norway,68.965032,16.255108,0.0,215.6,33
2025-09-19 19:38:10.094673,257099400,KVALSOEY,Norway,68.734798,15.515467,0.0,311.5,70
2025-09-19 19:38:10.094729,538004905,TO.SPITSBERGEN,Norway,65.14333333333333,7.431666666666667,0.0,243.0,99
2025-09-19 19:38:10.094752,257703500,DOENNING,Norway,69.50896,17.904182,0.0,53.7,30
2025-09-19 19:38:10.094774,273845800,VASILIY GOLOVNIN,Russia,74.7184,15.918705,5.9,342.0,30
2025-09-19 19:38:10.094799,258005500,RS GJERT WILHELMSEN,Norway,70.630473,21.975195,0.0,270.4,51
2025-09-19 19:38:10.094820,257024960,STJERNOY,Norway,70.747107,25.670258,0.0,0.0,70
2025-09-19 19:38:10.094856,257704000,MAGNE ARVESEN,Norway,69.626827,18.944702,0.0,295.9,30
2025-09-19 19:38:10.094878,231605000,KONGSBORG,Faroe Islands,70.635332,23.665333,0.0,244.5,90
2025-09-19 19:38:10.094923,258685000,RO NORTH,Norway,67.142117,14.277522,0.0,309.4,90
2025-09-19 19:38:10.094948,257629000,BIOSTAR,Norway,69.165407,16.762383,10.6,25.0,70
2025-09-19 19:38:10.094984,258534410,BORGSKJAER,Norway,65.680413,12.13097,0.1,0.0,79
2025-09-19 19:38:10.095006,258006500,FOSNASKARV,Norway,66.021577,12.625682,0.0,303.5,56
2025-09-19 19:38:10.095029,258610000,FROEY CHALLENGER,Norway,66.676293,13.314,0.0,191.1,70
2025-09-19 19:38:10.095053,257629500,NYGAARD SENIOR,Norway,68.129605,13.437983,0.0,239.9,30
2025-09-19 19:38:10.095075,259968000,VIKING LADY,Norway,66.024825,12.666902,0.0,128.3,70
2025-09-19 19:38:10.095102,258006830,BUKKHOLMEN,Norway,66.339308,13.005955,0.0,119.1,90
2025-09-19 19:38:10.095135,257101730,BORTIND,Norway,66.656042,13.066567,2.4,300.4,99
2025-09-19 19:38:10.095157,257101740,STROMOYGUTT,Norway,66.866807,13.713073,0.0,0.0,30
2025-09-19 19:38:10.095181,257101940,AAGE STEINAR,Norway,67.506437,12.070945,0.0,0.0,30
2025-09-19 19:38:10.095203,277544000,TAURUS,Lithuania,81.47333333333333,32.88,2.0,57.0,30
2025-09-19 19:38:10.095247,257026930,BRENNSUND,Norway,65.953967,12.428817,9.6,209.5,70
2025-09-19 19:38:10.095268,259139000,NORDLYS,Norway,65.054482,11.737557,14.5,210.8,60
2025-09-19 19:38:10.095302,258007770,STOKKAFJORD,Norway,65.719393,12.458512,13.0,1.4,60
2025-09-19 19:38:10.095334,258007930,STEINSOY,Norway,65.001183,11.673082,0.0,0.0,60
2025-09-19 19:38:10.095356,258536000,ANKERFISK,Norway,65.54,7.369333,2.5,240.0,90
2025-09-19 19:38:10.095378,258159000,AURORA GALAXY,Norway,71.534902,21.291048,0.7,309.2,79
2025-09-19 19:38:10.095403,258008340,ADVENT SUPPLIER,Norway,78.227973,15.610265,0.0,61.6,53
2025-09-19 19:38:10.095425,246920000,HEBO-LIFT 10,Netherlands,69.543287,19.039222,0.0,303.8,99
2025-09-19 19:38:10.095450,258008390,MJOELNER,Norway,66.489058,12.965072,0.0,330.0,70
2025-09-19 19:38:10.095473,257480500,STRAUMFJORD,Norway,68.912935,15.0736,0.0,0.0,70
2025-09-19 19:38:10.095506,257631500,JOHN IVAR,Norway,66.907347,13.601102,0.0,204.8,30
2025-09-19 19:38:10.095528,257254500,GERD STENSEN,Norway,68.133425,13.611807,0.0,173.3,33
2025-09-19 19:38:10.095560,257254600,SNOEGGEN,Norway,68.878083,15.080003,0.0,73.2,33
2025-09-19 19:38:10.095581,257028310,RO FORTUNE,Norway,67.940838,15.50087,0.0,352.7,30
2025-09-19 19:38:10.095614,259593000,SJERNAROY,Norway,66.02169,12.622645,0.0,205.1,60
2025-09-19 19:38:10.095636,257103840,STAR VIKING,Norway,69.116062,17.597238,7.2,64.0,30
2025-09-19 19:38:10.095672,257405900,STOLT AQUARIUS,Norway,67.442078,15.482048,0.0,204.8,70
2025-09-19 19:38:10.095695,258009430,STRAUMVAERING,Norway,68.071562,13.531218,0.0,56.5,30
2025-09-19 19:38:10.095716,257104330,FOSNAHAV,Norway,70.66502,23.6836,0.1,338.7,90
2025-09-19 19:38:10.095735,273397450,ESTER,Russia,70.639635,19.916868,5.2,85.4,30
2025-09-19 19:38:10.095758,257858700,BJOERNTIND,Norway,66.668532,13.391645,0.0,293.5,70
2025-09-19 19:38:10.095780,257029000,EYR BREMSTEIN,Norway,65.601822,12.311387,29.4,7.0,58
2025-09-19 19:38:10.095813,258311500,NOVA VIKING,Norway,66.786295,13.514162,0.2,0.0,52
2025-09-19 19:38:10.095835,257029360,SKEISTIND,Norway,67.573025,15.125418,0.0,46.1,70
2025-09-19 19:38:10.095867,259217000,ARIEL H,Norway,67.6551,12.72042,0.0,266.7,30
2025-09-19 19:38:10.095898,257105000,G.O.SARS,Norway,76.425605,25.998692,11.4,264.0,70
2025-09-19 19:38:10.095930,257105040,STIG INGE,Norway,69.324198,16.120248,0.0,258.0,30
2025-09-19 19:38:10.095951,257029650,STORTIND,Norway,66.243785,12.729233,0.0,0.0,56
2025-09-19 19:38:10.095973,257029690,EMMA KRISTINE,Norway,69.430583,18.14826,3.5,223.2,70
2025-09-19 19:38:10.095993,257029700,VIKINGEN,Norway,66.021247,12.644207,0.0,209.3,69
2025-09-19 19:38:10.096025,257029710,POSEIDON,Norway,68.415253,16.568303,0.1,121.3,70
2025-09-19 19:38:10.096046,257029770,HEIMDALL,Norway,66.509445,13.017657,0.0,0.0,70
2025-09-19 19:38:10.096066,257029810,MIRIAM,Norway,65.19042,12.669567,0.1,28.3,79
2025-09-19 19:38:10.096101,257708900,KVAROYFJORD,Norway,66.48926,12.965133,0.0,0.0,33
2025-09-19 19:38:10.096121,304099000,CELINA,Antigua and Barbuda,71.528818,27.604463,10.6,104.5,79
2025-09-19 19:38:10.096143,257633600,GUNN EMILIE,Norway,68.925513,17.126228,0.0,13.4,70
2025-09-19 19:38:10.096201,538010958,LOWLANDS CONCORD,Marshall Islands,65.61309,9.079035,13.1,35.2,70
2025-09-19 19:38:10.096221,257784800,LYNET II,Norway,68.92564,17.126493,0.1,0.0,40
2025-09-19 19:38:10.096243,257935700,SPON SUPERIOR,Norway,68.188263,16.107917,0.0,0.0,70
2025-09-19 19:38:10.096265,257181400,FLEKKEROY,Norway,67.573063,15.129157,0.0,46.0,70
2025-09-19 19:38:10.096296,257106000,KARINE H,Norway,80.462888,29.822032,2.4,314.6,30
2025-09-19 19:38:10.096317,257030600,INGVALDSON,Norway,70.625402,29.69937,0.1,347.0,30
2025-09-19 19:38:10.096350,257785000,NORBJORN,Norway,73.05833333333334,18.9,9.0,181.0,70
2025-09-19 19:38:10.096373,257030740,FESKARGUTTEN,Norway,68.298245,13.714935,0.0,114.5,30
2025-09-19 19:38:10.096395,257030760,SJOSTJERNA,Norway,66.010752,12.3787,0.0,346.7,70
2025-09-19 19:38:10.096427,259520000,HAVILA TROLL,Norway,65.14666666666668,7.126666666666667,0.0,344.0,51
2025-09-19 19:38:10.096449,257332620,HARALD BERGE,Norway,68.91184,15.078202,0.0,0.0,99
2025-09-19 19:38:10.096474,258615000,TRANSOCEAN ENABLER,Norway,72.485743,20.342663,0.0,209.5,99
2025-09-19 19:38:10.096499,231837000,HAV SKANDIC,Faroe Islands,68.761045,16.78297,10.6,206.7,90
2025-09-19 19:38:10.096523,257031010,BRANNBAAT TROMSOE,Norway,69.69435,19.017823,0.0,0.0,51
2025-09-19 19:38:10.096545,257031020,STIG HARRY,Norway,65.003995,11.04399,0.0,59.5,70
2025-09-19 19:38:10.096566,258238000,NORDFISK,Norway,67.288973,14.371315,0.0,121.1,30
2025-09-19 19:38:10.096590,257634800,VARPEN        _,Norway,68.865548,16.667755,0.2,75.4,99
2025-09-19 19:38:10.096610,244057240,ZEEWOLF,Netherlands,69.546955,19.069042,5.4,125.3,99
2025-09-19 19:38:10.096632,308928000,SCARABEO 8,Bahamas,65.823158,7.715572,0.3,140.0,90
2025-09-19 19:38:10.096653,257031510,BALLSTADOEY,Norway,70.633245,29.720363,0.1,336.3,30
2025-09-19 19:38:10.096675,258691000,HEROYSUND,Norway,66.393613,12.82177,8.4,267.6,60
2025-09-19 19:38:10.096719,257107120,ROSKJAER,Norway,70.029063,18.692215,0.0,271.3,30
2025-09-19 19:38:10.096740,257333420,KVALUNGEN,Norway,70.284608,30.996435,0.0,0.0,30
2025-09-19 19:38:10.096762,257258000,REINEFANGST,Norway,67.935758,13.07771,0.0,173.0,30
2025-09-19 19:38:10.096783,258993000,MERCATOR,Norway,69.220367,17.97169,9.9,333.0,79
2025-09-19 19:38:10.096805,258465000,TROLLFJORD,Norway,69.337488,17.110235,0.0,356.9,60
2025-09-19 19:38:10.096849,258012500,BRATTHOLMEN,Norway,65.851557,12.498787,0.0,175.6,70
2025-09-19 19:38:10.096879,258088000,BRAGE,Norway,70.044153,20.656272,30.6,118.1,40
2025-09-19 19:38:10.096907,259295000,EIDVAAGFISK,Norway,70.667245,23.661553,0.0,133.3,30
2025-09-19 19:38:10.096929,257032130,VARHOLMEN,Norway,65.883287,11.932997,0.0,222.3,79
2025-09-19 19:38:10.096952,257032310,HELNESSUND,Norway,68.863925,15.089032,0.0,0.0,52
2025-09-19 19:38:10.096972,257409500,HAAKON JR.,Norway,68.129858,13.437765,0.0,5.5,30
2025-09-19 19:38:10.096994,258541000,BERG SENIOR,Norway,69.322998,16.134847,0.0,196.5,30
2025-09-19 19:38:10.097025,257786700,RAMOEN,Norway,71.478528,20.001393,3.3,84.7,30
2025-09-19 19:38:10.097046,257032420,ARCTIC DIVE,Norway,69.973657,20.667087,0.0,258.7,70
2025-09-19 19:38:10.097082,257258900,NORDLANDSJ BROEDRENE,Norway,68.499748,14.802563,0.0,0.0,60
2025-09-19 19:38:10.097105,259371000,NORDNORGE,Norway,68.120853,13.840145,0.0,107.0,60
2025-09-19 19:38:10.097126,412420561,HANYI36,China,78.55666666666666,32.10666666666667,36.0,46.0,30
2025-09-19 19:38:10.097146,257259000,BOA BIRK,Norway,66.807528,13.92457,0.5,348.4,52
2025-09-19 19:38:10.097178,259522000,MOERETIND,Norway,68.65374,14.376305,7.3,165.8,70
2025-09-19 19:38:10.097211,258013490,MOEN ARTIC,Norway,65.546027,12.122547,0.0,76.4,70
2025-09-19 19:38:10.097242,257033030,CHIEF,Norway,68.676267,17.119535,0.1,231.7,99
2025-09-19 19:38:10.097276,273250820,KORD BARENTS,Russia,75.065,23.27,7.0,122.0,80
2025-09-19 19:38:10.097301,258315500,HANSEVIK RESPONSE,Norway,69.728522,30.066682,0.0,81.4,52
2025-09-19 19:38:10.097343,412421098,DONGYU1527,China,76.98,-1.24,17.0,437.0,30
2025-09-19 19:38:10.097365,412421136,XIN SHI JI 66,China,73.29166666666667,-1.7466666666666666,0.0,435.0,30
2025-09-19 19:38:10.097387,258013980,VIKINGEN,Norway,66.509292,13.017338,0.0,0.0,90
2025-09-19 19:38:10.097407,257184340,KRYSSHOLM,Norway,71.5214,32.84674,1.3,208.5,30
2025-09-19 19:38:10.097441,257410800,JOHANNE MK,Norway,70.857817,29.096377,0.1,0.0,30
2025-09-19 19:38:10.097462,257033650,STORFJELL,Norway,70.229363,23.397543,0.0,0.0,70
2025-09-19 19:38:10.097489,258994870,SOMMERPATRULJE 7,Norway,68.803182,16.54948,0.1,3.8,51
2025-09-19 19:38:10.097522,257033700,KVITHOLM,Norway,65.927407,12.962128,5.4,205.0,60
2025-09-19 19:38:10.097543,257938900,ANNE BRO,Norway,68.23455,14.572183,0.0,208.3,60
2025-09-19 19:38:10.097565,257033730,ROERVIKNES,Norway,67.766722,15.24725,0.5,307.8,99
2025-09-19 19:38:10.097586,273326830,KHOLMOGORY,Russia,75.52333333333333,14.161666666666667,3.0,171.0,30
2025-09-19 19:38:10.097607,257410900,TORE HUND,Norway,68.840348,16.33382,0.0,0.0,70
2025-09-19 19:38:10.097628,257863500,SENJAHAV,Norway,69.00332,17.442207,0.0,0.0,30
2025-09-19 19:38:10.097649,667001255,CENTURION,Sierra Leone,66.740383,6.946067,11.5,219.0,80
2025-09-19 19:38:10.097674,257033780,BALLSTADVAERING,Norway,68.071467,13.53582,0.0,304.4,30
2025-09-19 19:38:10.097694,273251530,ANTARKTIKA,Russia,71.68184,24.492002,9.6,260.0,80
2025-09-19 19:38:10.097718,877227639,VENNESUND BAT 4,Norway,65.216293,12.039755,0.0,289.6,90
2025-09-19 19:38:10.097739,258014560,SHELDON,Norway,66.211107,12.975183,28.8,124.0,90
2025-09-19 19:38:10.097773,877227672,VENNESUND BAT 7,Norway,65.216313,12.039828,0.0,164.9,90
2025-09-19 19:38:10.097796,257260500,ARNOYTRANS,Norway,68.788597,16.551705,0.0,0.0,70
2025-09-19 19:38:10.097830,257939500,BJOERNTIND,Norway,68.131468,13.426783,0.0,43.1,30
2025-09-19 19:38:10.097851,258015000,BREIDTIND,Norway,71.469527,19.987912,12.4,56.1,30
2025-09-19 19:38:10.097874,219017214,ESVAGT AURORA,Denmark,71.34449,22.397563,0.3,358.4,99
2025-09-19 19:38:10.097895,257185420,OYSKJAER,Norway,69.909465,20.163402,0.0,0.0,30
2025-09-19 19:38:10.097927,258317000,T/B LUPUS,Norway,69.650062,18.963582,0.0,237.9,52
2025-09-19 19:38:10.097945,257034780,BOLT,Norway,69.231472,18.008852,0.1,0.0,60
2025-09-19 19:38:10.097967,257034930,HERMANN JR,Norway,65.001785,11.72605,0.0,203.0,70
2025-09-19 19:38:10.097992,257034960,SJUNKHATTEN,Norway,67.483015,15.459188,0.1,0.0,40
2025-09-19 19:38:10.098014,257563000,RONJA SKILSOY,Norway,69.980295,23.334032,0.0,111.5,70
2025-09-19 19:38:10.098035,257487600,BJORNSON,Norway,70.670065,23.669055,0.0,0.0,30
2025-09-19 19:38:10.098069,259826000,VIKNATRANS,Norway,65.992017,12.500412,10.7,36.2,90
2025-09-19 19:38:10.098104,257789500,REINSBAAEN,Norway,68.776648,14.464748,0.0,354.5,30
2025-09-19 19:38:10.098125,259449000,SVEBAAEN,Norway,70.071582,29.744325,0.0,19.0,30
2025-09-19 19:38:10.098146,257035380,GUTTORM,Norway,65.893315,12.393087,0.1,0.0,40
2025-09-19 19:38:10.098168,257035410,MADS KRISTIAN,Norway,70.231592,22.354468,0.0,333.0,70
2025-09-19 19:38:10.098186,265182000,ODEN,Sweden,78.215792,14.705318,10.7,242.1,90
2025-09-19 19:38:10.098211,257035500,RS169 ODD FELLOW III,Norway,67.282018,14.37245,0.0,136.8,51
2025-09-19 19:38:10.098231,258695000,HUSOEY,Norway,66.503,12.154345,14.2,296.8,60
2025-09-19 19:38:10.098263,257035570,ANNELIDA,Norway,65.93535,12.364303,0.0,0.0,90
2025-09-19 19:38:10.098286,257111020,OV_HEKKINGEN,Norway,65.372192,12.193463,0.0,110.5,54
2025-09-19 19:38:10.098308,258242500,BB CONNECTOR,Norway,68.427775,17.422257,0.0,212.1,52
2025-09-19 19:38:10.098329,257714500,AKTI PIONER,Norway,66.502507,12.071943,0.0,31.0,79
2025-09-19 19:38:10.098351,257563700,BORINGEN,Norway,69.094455,17.622107,0.0,333.8,70
2025-09-19 19:38:10.098372,247229700,AIDABELLA,Italy,68.478392,14.705202,14.4,272.6,60
2025-09-19 19:38:10.098394,257035740,BRATTHOLMEN,Norway,67.807697,13.859542,7.9,128.7,30
2025-09-19 19:38:10.098417,257865490,BARENTS WORKER,Norway,71.017373,25.383522,0.0,329.5,33
2025-09-19 19:38:10.098438,257563800,STEINFJELL,Norway,69.1571,18.146435,0.0,331.0,90
2025-09-19 19:38:10.098461,257941003,KJOLLEFJORD AIS,Norway,70.92213,27.282322,0.7,0.0,57
2025-09-19 19:38:10.098484,257564000,POLARSYSSEL,Norway,78.227072,15.626578,0.0,146.5,55
2025-09-19 19:38:10.098517,258016630,FJELLTIND,Norway,69.88166666666666,21.740000000000002,0.0,33.0,70
2025-09-19 19:38:10.098552,257187000,LYNGEN,Norway,68.859397,16.501998,11.4,183.4,60
2025-09-19 19:38:10.098576,257036290,ALKEKONGEN,Norway,66.021918,12.240447,0.0,343.7,70
2025-09-19 19:38:10.098599,257413500,RINGSKJAER NORD,Norway,68.471032,14.636133,1.0,347.9,30
2025-09-19 19:38:10.098620,258545000,BYE SENIOR,Norway,68.697073,15.421407,0.0,293.9,30
2025-09-19 19:38:10.098644,258092500,RESCUE UNI OSLOFJORD,Norway,69.651645,18.962113,0.0,304.8,51
2025-09-19 19:38:10.098677,257941700,BREISUND,Norway,66.6615,13.061,0.0,198.8,79
2025-09-19 19:38:10.098723,259375000,REINEBUEN,Norway,68.07116,13.537823,0.0,333.0,30
2025-09-19 19:38:10.098758,257036790,AQUA SUPPORTER,Norway,65.121933,12.164402,0.0,70.6,79
2025-09-19 19:38:10.098777,258470000,SEGLA,Norway,70.946375,25.84238,8.9,261.0,30
2025-09-19 19:38:10.098800,257112500,AASSJOEN,Norway,69.672305,18.747315,0.0,0.0,30
2025-09-19 19:38:10.098855,273254860,KAPITAN TARAN,Russia,72.825,29.48,12.0,331.0,30
2025-09-19 19:38:10.098879,273254880,MECHANIC STEPANOV,Russia,70.78889,20.58046,10.3,64.8,30
2025-09-19 19:38:10.098902,258017970,HALOY OTTAR,Norway,68.791287,16.914433,0.1,171.1,79
2025-09-19 19:38:10.098946,257565600,IDA AMALIE,Norway,68.234267,14.577942,0.0,340.7,30
2025-09-19 19:38:10.098969,257037790,OCEAN FLYER,Norway,68.218387,14.603943,34.7,285.5,60
2025-09-19 19:38:10.098989,257113250,JOSBERG,Norway,69.516388,18.139433,7.9,290.4,30
2025-09-19 19:38:10.099012,258094000,HAVILA POLARIS,Norway,71.082548,27.880493,12.4,43.2,60
2025-09-19 19:38:10.099038,258999199,SIKKERHETSENTERET,Norway,68.120032,13.553005,0.0,0.0,99
2025-09-19 19:38:10.099061,352005711,GRAND EXPLORER,Panama,68.562933,16.514887,6.0,33.4,70
2025-09-19 19:38:10.099081,257641600,SKARVEN,Norway,70.595378,30.604217,5.3,136.8,52
2025-09-19 19:38:10.099102,257038160,UNIS KOLGA,Norway,78.23962,15.538643,0.0,0.0,40
2025-09-19 19:38:10.099139,257038270,BRATTSUND,Norway,67.151718,14.00084,0.1,13.6,70
2025-09-19 19:38:10.099163,257641800,SKJAANES GUTT,Norway,70.817832,27.554397,0.2,0.0,70
2025-09-19 19:38:10.099198,257566600,JENS KRISTIAN,Norway,69.978853,23.30527,0.0,302.6,30
2025-09-19 19:38:10.099219,257038590,WITH FROHAVET,Norway,70.913827,25.314383,0.0,192.0,70
2025-09-19 19:38:10.099252,258019240,FROYBRAND,Norway,65.01491,11.619012,0.0,337.8,99
2025-09-19 19:38:10.099275,258472000,HAALOGALAND,Norway,68.67692,15.996388,9.9,261.3,61
2025-09-19 19:38:10.099295,259679000,VAAGAN,Norway,66.636395,13.162037,13.0,111.5,60
2025-09-19 19:38:10.099315,257416120,KARLO,Norway,69.95464,18.097352,4.5,116.3,20
2025-09-19 19:38:10.099338,259302000,MYNTEVIK,Norway,69.93579,30.458855,1.8,93.9,30
2025-09-19 19:38:10.099359,257718000,BOA HUGIN,Norway,66.80666666666667,13.923333333333334,0.0,215.0,52
2025-09-19 19:38:10.099380,259000420,AUGUSTSON,Norway,66.01072,12.37906,0.0,287.1,70
2025-09-19 19:38:10.099413,257944500,SENJABAS,Norway,69.509,17.908445,0.0,260.7,52
2025-09-19 19:38:10.099434,257642800,KARINA G,Norway,66.200675,13.015257,0.0,0.0,70
2025-09-19 19:38:10.099458,259000570,FDA ASTRI,Norway,69.746133,18.25092,0.2,15.6,52
2025-09-19 19:38:10.099490,257944700,HARRY,Norway,65.108035,12.443317,8.8,38.9,99
2025-09-19 19:38:10.099527,259000840,HARALD MARTIN,Norway,68.979205,16.492672,0.0,8.2,90
2025-09-19 19:38:10.099550,257039700,NAUTILUS ALDRA,Norway,65.803412,12.72498,0.0,301.5,33
2025-09-19 19:38:10.099571,257266000,KYSTBUNKER II,Norway,70.159418,20.82453,10.0,45.2,80
2025-09-19 19:38:10.099610,259680000,GILDESKAAL,Norway,66.727738,13.488492,7.1,221.5,66
2025-09-19 19:38:10.099633,258020660,BREISUND,Norway,70.66348,23.683883,0.0,0.0,40
2025-09-19 19:38:10.099657,259001350,SOLVAERSKJAER,Norway,66.368493,12.593693,0.0,0.0,60
2025-09-19 19:38:10.099679,257191020,NORDAVIND,Norway,69.97745,23.329467,0.2,75.5,30
2025-09-19 19:38:10.099700,257266500,LYSINGEN,Norway,65.215693,12.040673,0.0,10.9,69
2025-09-19 19:38:10.099721,257643700,VALVAAGEN,Norway,70.319292,22.875255,0.0,0.0,90
2025-09-19 19:38:10.099746,413559690,RUN HAI XIANG YANG,China,81.74,12.453333333333335,35.0,108.0,70
2025-09-19 19:38:10.099782,258021050,REPPAHESTEN,Norway,66.6507,13.561095,0.0,0.0,99
2025-09-19 19:38:10.099804,257945700,ISTINDEN,Norway,66.634487,13.335018,0.0,344.6,70
2025-09-19 19:38:10.099847,258021260,VERONIKA,Norway,65.994817,12.283457,0.0,27.1,70
2025-09-19 19:38:10.099869,257267000,NORDTIND,Norway,72.185,27.986666666666668,3.0,189.0,30
2025-09-19 19:38:10.099889,257719600,RAMNTIND,Norway,65.980857,12.275265,0.0,0.0,70
2025-09-19 19:38:10.099911,259530000,FOLGEFONN,Norway,66.024472,12.643072,0.0,237.3,60
2025-09-19 19:38:10.099931,258021410,BALDER,Norway,66.37296,12.361267,0.1,0.0,70
2025-09-19 19:38:10.099977,273258810,VIKTOR BAKAEV,Norway,67.924833,9.819167,12.9,28.0,89
2025-09-19 19:38:10.099999,258021770,HANNA RESVOLL,Norway,78.22824,15.607765,0.0,0.0,34
2025-09-19 19:38:10.100020,259002590,GRAVTIND,Norway,65.33129,12.36288,0.0,260.6,70
2025-09-19 19:38:10.100065,258022100,HALOY JARL,Norway,69.988175,19.937258,0.0,180.0,70
2025-09-19 19:38:10.100097,257569600,MARIANNE,Norway,70.073503,19.989673,0.0,264.3,30
2025-09-19 19:38:10.100116,235015732,CSB 44,United Kingdom,69.678365,19.001343,2.2,50.4,35
2025-09-19 19:38:10.100172,257343720,LEISKJOR,Norway,66.021568,12.6408,0.0,0.0,30
2025-09-19 19:38:10.100227,257042250,SELMA DROFN,Norway,71.189055,27.660843,2.8,181.0,30
2025-09-19 19:38:10.100250,258551000,HAGBART WAAGE,Norway,68.788887,16.542188,0.0,296.7,60
2025-09-19 19:38:10.100282,257117910,VIKSTEIN,Norway,66.071812,13.00305,0.0,347.3,70
2025-09-19 19:38:10.100310,258023090,FUGLOEYTIND,Norway,70.073238,19.996438,0.0,63.6,90
2025-09-19 19:38:10.100326,218799000,MARK,Germany,72.515185,9.833418,10.6,234.7,30
2025-09-19 19:38:10.100344,258174000,LEINEBRIS,Norway,75.45333333333333,19.93166666666667,2.0,0.0,30
2025-09-19 19:38:10.100361,257570600,BOEFANGST,Norway,70.98165,25.968075,0.0,104.5,90
2025-09-19 19:38:10.100387,259003870,TIGERGUTT,Norway,67.118572,14.255452,29.9,199.0,40
2025-09-19 19:38:10.100404,257344400,TROLLTIND,Norway,69.650195,18.962873,0.0,0.0,60
2025-09-19 19:38:10.100430,257797000,DOENNLAND,Norway,68.734295,17.379202,8.9,84.9,90
2025-09-19 19:38:10.100466,259532000,POLAR REX,Norway,66.081337,12.591873,0.0,207.3,52
2025-09-19 19:38:10.100484,257193700,LERRESFJORD,Norway,70.478993,23.62898,0.0,241.9,70
2025-09-19 19:38:10.100502,259004130,HOLLENDAREN,Norway,70.994182,24.714897,26.3,85.4,40
2025-09-19 19:38:10.100520,258099000,KVITUNGEN,Norway,69.646952,18.980263,0.0,261.3,30
2025-09-19 19:38:10.100541,257043030,APHERUSA UNMANNED,Norway,78.928072,11.934907,0.0,0.0,59
2025-09-19 19:38:10.100587,258024130,KVALOEYVAER,Norway,69.78999999999999,20.646666666666665,0.0,292.0,70
2025-09-19 19:38:10.100613,257043580,MJOLNIR,Norway,68.299943,15.022478,5.0,69.8,40
2025-09-19 19:38:10.100638,259382000,VISTEN,Norway,70.627852,23.104438,5.7,304.6,33
2025-09-19 19:38:10.101823,259004850,NESOEYGUTT,Norway,66.56121,12.709328,25.5,346.9,60
2025-09-19 19:38:10.101844,259004890,TROLLHATTEN,Norway,65.48212,12.444107,0.0,88.9,70
2025-09-19 19:38:10.101880,257421000,RUBIN,Norway,69.532332,18.014312,12.0,325.4,75
2025-09-19 19:38:10.101907,257722800,KRIS JONAS,Norway,68.78333333333333,14.638333333333332,0.0,103.0,70
2025-09-19 19:38:10.101924,259005160,KVITBJORN,Norway,78.228342,15.607215,0.1,0.0,40
2025-09-19 19:38:10.101942,258100000,GASO ODIN,Norway,70.817237,27.48901,0.0,213.4,90
2025-09-19 19:38:10.101960,257647500,BEKKVIK JR,Norway,70.986933,26.029653,0.1,316.9,30
2025-09-19 19:38:10.101987,258024850,MARITA,Norway,67.759268,15.244697,5.9,29.6,70
2025-09-19 19:38:10.102005,257421500,IDA THERESE,Norway,69.634,18.003383,0.0,310.4,30
2025-09-19 19:38:10.102022,259609000,DYPFJORD,Norway,70.771092,23.709828,9.2,42.5,30
2025-09-19 19:38:10.102040,249803000,STOC NIKE,Malta,70.681577,23.588037,0.0,261.2,89
2025-09-19 19:38:10.102057,258553000,SKAGOYSUND,Norway,68.133377,15.274953,9.3,48.8,30
2025-09-19 19:38:10.102079,257949700,LONKETINDEN,Norway,69.055175,17.17062,0.0,0.0,70
2025-09-19 19:38:10.102096,258025160,KB ROKK,Norway,66.580307,12.686775,0.1,280.8,70
2025-09-19 19:38:10.102115,259005800,HALTBAKK BUNKER,Norway,68.719053,16.899762,8.4,76.6,89
2025-09-19 19:38:10.102140,352842000,SJOVEIEN,Panama,78.227745,15.614692,0.1,26.7,79
2025-09-19 19:38:10.102160,259005900,RS OSCAR TYBRING V,Norway,70.372773,31.107568,0.0,95.1,51
2025-09-19 19:38:10.102207,257497500,TINDSKJAER,Norway,67.654302,12.719003,0.0,327.7,30
2025-09-19 19:38:10.102225,257723900,HAVCRUISE,Norway,70.630842,21.979698,0.0,0.0,60
2025-09-19 19:38:10.102243,258025670,GJESVAER,Norway,71.017417,25.385288,0.0,185.8,70
2025-09-19 19:38:10.102262,258403000,VIKING AVANT,Norway,71.28,22.769833,7.6,330.0,70
2025-09-19 19:38:10.102282,257045480,SLOTTHOLMEN,Norway,66.742727,13.499488,0.0,0.0,70
2025-09-19 19:38:10.102300,257045600,SEAWORKER,Norway,69.88333333333334,21.726666666666667,0.0,0.0,99
2025-09-19 19:38:10.102326,257045730,SLETTNES,Norway,70.628628,23.634927,0.1,245.5,70
2025-09-19 19:38:10.102345,258026400,MULTI NAVIGATOR,Norway,70.626527,23.10472,0.3,183.9,79
2025-09-19 19:38:10.102360,257423000,SOYA,Norway,68.072405,13.540547,0.1,326.7,30
2025-09-19 19:38:10.102379,257045940,BOEVAERING,Norway,68.605053,14.45827,0.0,335.8,30
2025-09-19 19:38:10.102405,257649500,NYSTRAND,Norway,67.5064,12.073625,0.0,0.0,30
2025-09-19 19:38:10.102433,258328500,FANNEFJORD,Norway,68.091683,16.33231,11.1,105.9,60
2025-09-19 19:38:10.102450,259988000,VAEROY,Norway,67.84835,13.143623,17.3,320.8,60
2025-09-19 19:38:10.102469,257649700,BERGNEBB,Norway,69.673323,18.747662,0.0,0.0,70
2025-09-19 19:38:10.102486,258026950,STORTIND,Norway,70.54363,23.154577,0.0,226.4,29
2025-09-19 19:38:10.102504,257800700,AQS NORDLAND,Norway,68.857967,15.418745,7.2,161.0,33
2025-09-19 19:38:10.102522,248221000,KEY SOUTH,Malta,67.288667,14.377967,0.0,277.1,82
2025-09-19 19:38:10.102543,257046470,ANGELSEN SENIOR,Norway,68.800893,13.062115,5.8,226.8,30
2025-09-19 19:38:10.102570,259234000,TRIO II,Norway,67.93248,13.086268,0.0,92.0,79
2025-09-19 19:38:10.102591,259007720,KJELL-ERIK,Norway,69.938453,19.831335,0.0,348.1,52
2025-09-19 19:38:10.102640,257197500,BOLGTIND,Norway,66.801765,13.233487,0.0,255.2,70
2025-09-19 19:38:10.102668,257122310,STORSKJAER,Norway,68.601102,15.38017,0.0,20.4,33
2025-09-19 19:38:10.102695,258027580,EITERTINDEN,Norway,67.442013,15.48156,0.0,194.5,70
2025-09-19 19:38:10.102723,257047000,EYR YTTERHOLMEN,Norway,66.081338,12.59109,0.0,218.0,58
2025-09-19 19:38:10.102748,219029885,ESVAGT DC 11,Denmark,72.505327,20.221582,4.0,53.7,40
2025-09-19 19:38:10.102764,257499700,KATJA,Norway,70.913868,25.315238,0.1,120.8,70
2025-09-19 19:38:10.102782,255915684,NCL VESTLAND,Madeira,68.572392,14.972605,0.0,180.7,70
2025-09-19 19:38:10.102800,257876900,ATLANTIC LADY,Norway,70.027935,20.969948,0.0,256.4,40
2025-09-19 19:38:10.102816,258027770,KARLSOY,Norway,67.940743,15.501642,0.1,122.2,20
2025-09-19 19:38:10.102833,258027870,STAVNES,Norway,67.766068,15.247983,2.5,279.7,70
2025-09-19 19:38:10.102851,258027890,ASTOEINGEN,Norway,68.68032,17.118005,0.0,81.0,79
2025-09-19 19:38:10.102879,257801700,AQS ROERVIK,Norway,65.686247,12.13741,0.0,0.0,31
2025-09-19 19:38:10.102897,258103500,NORDIC SKY,Norway,70.319207,22.875228,0.0,280.2,60
2025-09-19 19:38:10.102913,257801800,NESOY,Norway,66.47186,12.674392,20.2,166.0,65
2025-09-19 19:38:10.102931,257047550,ENGELOEY,Norway,67.981835,15.584723,0.0,0.0,33
2025-09-19 19:38:10.102948,258028180,SILDKOVTUVA,Norway,65.42546,12.565462,0.0,273.2,70
2025-09-19 19:38:10.102965,258028210,FROEYHAV,Norway,69.471953,17.601492,7.9,298.8,70
2025-09-19 19:38:10.102992,259537000,BAKKE JR,Norway,70.37508,31.103817,0.0,330.9,30
2025-09-19 19:38:10.103009,259160000,RO SENJA,Norway,69.986192,19.924537,0.0,127.1,90
2025-09-19 19:38:10.103026,259009170,LILLEOY,Norway,68.863538,16.670595,17.5,39.8,60
2025-09-19 19:38:10.103071,257651500,JENNEGGA,Norway,68.1315,13.427412,0.0,13.1,30
2025-09-19 19:38:10.103089,258028680,MULTI ARCTIC,Norway,68.004812,15.266767,0.0,243.8,70
2025-09-19 19:38:10.103126,370572000,CAPE AMANDA,Panama,65.730463,8.926458,9.4,43.4,70
2025-09-19 19:38:10.103145,257652000,BJORG PAULINE,Norway,68.571972,15.00013,6.9,103.2,99
2025-09-19 19:38:10.103183,257275000,KRONPRINS HAAKON,Norway,78.229447,15.602513,0.0,104.9,99
2025-09-19 19:38:10.103202,257124140,JENSEN KVITBERG,Norway,69.65157,18.961492,0.0,0.0,99
2025-09-19 19:38:10.103220,257124160,KRAAKTIND,Norway,65.845185,12.235057,0.0,338.6,70
2025-09-19 19:38:10.103238,257124170,TAARNVIK,Norway,67.60666666666667,15.368333333333334,0.0,339.0,70
2025-09-19 19:38:10.103254,258482000,RUBINA,Norway,70.030297,20.982727,2.2,259.0,53
2025-09-19 19:38:10.103269,258029590,AH1,Norway,69.34447,16.266063,22.7,249.0,60
2025-09-19 19:38:10.103287,259991000,VAGSUND,Norway,69.029387,16.475427,0.1,335.2,79
2025-09-19 19:38:10.103328,257954600,BALDER,Norway,67.940353,15.503482,0.1,162.8,70
2025-09-19 19:38:10.103345,257124880,HAVBAARA,Norway,68.962905,13.782063,9.9,93.8,30
2025-09-19 19:38:10.103364,257275800,BJORNFJELL,Norway,68.428197,17.425877,0.0,116.8,53
2025-09-19 19:38:10.103383,258030270,AQS TRYM,Norway,70.549053,22.947668,0.0,9.3,32
2025-09-19 19:38:10.103400,257804000,HEIDRUN B,Norway,65.342735,7.361302,0.7,161.2,80
2025-09-19 19:38:10.103416,257125140,HANNA B,Norway,70.625033,29.696417,0.0,206.1,30
2025-09-19 19:38:10.103436,257125290,FREDRIKKE T-OLSEN,Norway,66.475195,12.316127,25.6,114.1,40
2025-09-19 19:38:10.103455,259162000,VIKTORIA LADY,Norway,69.938848,19.830625,0.0,126.3,70
2025-09-19 19:38:10.103483,258030600,KLAEVTIND,Norway,69.273835,15.946983,0.0,331.4,30
2025-09-19 19:38:10.103500,257050010,NEVERFJORD,Norway,70.626858,23.107902,2.7,283.7,70
2025-09-19 19:38:10.103526,257653500,BREITIND,Norway,69.166632,17.712352,0.0,0.0,70
2025-09-19 19:38:10.103549,259313000,REIDAR VON KOSS,Norway,70.63429,29.724725,0.1,324.7,51
2025-09-19 19:38:10.103566,258030700,AKSEL JOHAN,Norway,68.23218,14.537437,0.0,309.2,30
2025-09-19 19:38:10.103604,259464000,NAUTILUS SURVEY,Norway,66.802102,13.233917,0.0,287.6,29
2025-09-19 19:38:10.103622,982470191,AIDABELLA TB15,Unknown,68.12112,13.577943,8.2,126.9,60
2025-09-19 19:38:10.103641,982470192,AIDABELLA TB 16,Unknown,68.113123,13.594153,0.0,277.5,60
2025-09-19 19:38:10.103659,982470194,AIDABELLA TB 18,Unknown,68.111603,13.596818,3.0,241.0,60
2025-09-19 19:38:10.103696,257125770,THEA JENSEN,Norway,70.230668,22.3574,0.1,194.4,58
2025-09-19 19:38:10.103722,257503000,ATLANTIC,Norway,65.498365,7.372863,10.4,219.3,30
2025-09-19 19:38:10.103742,257276800,MS SEA RUNNER,Norway,69.978107,23.330182,0.0,159.0,40
2025-09-19 19:38:10.103758,257125940,NJORD,Norway,69.237118,19.369318,0.1,0.0,52
2025-09-19 19:38:10.103775,258031120,KAPTEIN T,Norway,68.68005,17.118473,0.0,271.3,70
2025-09-19 19:38:10.103801,258031140,INGE EGIL,Norway,68.609407,14.457762,0.0,0.0,60
2025-09-19 19:38:10.103821,258031200,MULTI CHALLENGER,Norway,65.087607,11.740523,0.0,204.7,90
2025-09-19 19:38:10.103848,257805000,FAEROYSUND,Norway,66.133825,12.849845,0.0,127.0,70
2025-09-19 19:38:10.103875,257126190,SALTHAMMER,Norway,66.592585,12.658952,0.0,303.1,70
2025-09-19 19:38:10.103902,259691000,J BERGVOLL,Norway,69.657927,18.971725,0.0,331.5,30
2025-09-19 19:38:10.103928,258107000,OLYMPIC DELTA,Norway,65.20833333333333,6.386666666666667,0.0,348.0,90
2025-09-19 19:38:10.103956,257352900,STOLT PEGASUS,Norway,67.457835,15.513055,0.2,88.3,70
2025-09-19 19:38:10.103974,370424000,NACC ANTIGUA,Panama,66.871768,11.517973,11.5,63.3,70
2025-09-19 19:38:10.103993,258183000,KRANSVIK JR,Norway,70.66942,23.672418,0.0,328.8,30
2025-09-19 19:38:10.104009,257127000,LUROEY,Norway,66.352042,12.880892,11.8,299.3,60
2025-09-19 19:38:10.104033,257127080,KJELL SENIOR,Norway,68.071132,13.536458,0.0,165.5,30
2025-09-19 19:38:10.104052,257579700,INSPEKJONSBAAT 07A,Norway,67.288243,14.39353,0.0,328.4,56
2025-09-19 19:38:10.104070,257127190,STORTIND,Norway,69.54241,17.671763,0.0,0.0,70
2025-09-19 19:38:10.104091,257127200,ORGANIC DRABANT,Norway,67.132062,14.299592,7.8,168.0,70
2025-09-19 19:38:10.104111,257579800,INSPEKSJONSBAAT 08A,Norway,67.288252,14.393453,0.0,116.6,56
2025-09-19 19:38:10.104130,259013000,WILSON NEWPORT,Norway,69.187633,11.84085,10.6,84.0,79
2025-09-19 19:38:10.104157,258032500,KVAENANGEN,Norway,70.035338,20.981075,0.0,276.4,70
2025-09-19 19:38:10.104176,257127410,CAMPUS BLAA,Norway,65.469407,12.131422,0.0,237.1,70
2025-09-19 19:38:10.104193,257127460,VIKAFJELL,Norway,65.820503,12.43118,0.0,277.2,70
2025-09-19 19:38:10.104211,257504700,NORTH TUG,Norway,69.7305,30.055833,0.0,0.0,52
2025-09-19 19:38:10.104229,259994000,REBBENESOEY,Norway,70.05667,19.031567,0.0,26.2,65
2025-09-19 19:38:10.104254,257882000,DANTIC,Norway,68.297438,15.643898,7.0,95.6,70
2025-09-19 19:38:10.104274,257127690,BRAKOEY,Norway,68.356753,15.072472,1.4,0.0,70
2025-09-19 19:38:10.104292,257957500,JOEKELJENTA,Norway,70.04333333333334,21.81,0.0,0.0,99
2025-09-19 19:38:10.104322,257127930,RAGNHILD HATLAND,Norway,66.027327,12.632865,5.4,274.7,30
2025-09-19 19:38:10.104351,257128060,MULTI NORTH,Norway,66.226613,12.889242,7.6,24.0,31
2025-09-19 19:38:10.104370,257128100,MULTI SUPPORTER,Norway,66.676213,13.312113,0.0,342.6,70
2025-09-19 19:38:10.104388,257279000,TORGHATTEN,Norway,65.578078,12.392608,0.0,271.9,60
2025-09-19 19:38:10.104435,257128280,XXLOFOTEN 2,Norway,68.22365,14.561288,1.0,5.3,60
2025-09-19 19:38:10.104453,257882600,INGER LISE,Norway,70.617552,24.603517,0.0,74.3,70
2025-09-19 19:38:10.104468,257882800,SKARV,Norway,69.928292,20.936318,1.8,105.7,60
2025-09-19 19:38:10.104489,257807490,EYR AASVAER,Norway,66.866782,13.702205,0.0,96.7,58
2025-09-19 19:38:10.104505,636018554,ELARA,Liberia,71.682732,26.672695,10.7,284.7,70
2025-09-19 19:38:10.104522,259014440,WHALE2SEA1,Norway,69.366525,16.472563,22.7,248.0,60
2025-09-19 19:38:10.104539,259014490,HESSFJORD,Norway,70.106925,19.579257,0.0,170.6,70
2025-09-19 19:38:10.104559,259090000,POLARXPLORER,Norway,78.227923,15.612515,0.0,288.6,70
2025-09-19 19:38:10.104575,257128830,HEROY,Norway,65.98438,12.282858,7.3,173.2,40
2025-09-19 19:38:10.104592,257053440,H LINDRUP,Norway,69.851225,18.820998,0.0,59.0,30
2025-09-19 19:38:10.104610,259014700,MARION,Norway,65.079713,12.068303,0.1,0.0,50
2025-09-19 19:38:10.104628,259241000,NORDBANKEN,Norway,70.85765,29.088945,0.0,317.4,30
2025-09-19 19:38:10.104645,257204400,ALSTEN,Norway,65.758085,12.534177,12.7,50.8,60
2025-09-19 19:38:10.104670,257129140,HANS,Norway,71.757223,31.660662,1.2,126.4,30
2025-09-19 19:38:10.104688,257732600,INGEGJERD,Norway,68.78524,14.640737,0.0,60.4,79
2025-09-19 19:38:10.104706,257958900,ELLING CARLSEN,Norway,78.228455,15.606237,0.0,321.5,50
2025-09-19 19:38:10.104725,259014960,MULTI COMMANDER,Norway,65.998963,12.264945,0.0,341.2,70
2025-09-19 19:38:10.104744,257883500,GERHARD JAKOBSEN,Norway,68.131313,13.42569,0.0,162.8,30
2025-09-19 19:38:10.104764,257129290,SNARSETVAERING,Norway,68.623525,14.59858,0.0,0.0,30
2025-09-19 19:38:10.104779,257129300,SANTO,Norway,69.967003,29.655953,6.2,169.2,60
2025-09-19 19:38:10.104797,257129340,NORD-FUGLOEY,Norway,69.67298,18.747798,0.0,206.6,30
2025-09-19 19:38:10.104815,257054000,EYR MYKEN,Norway,66.487877,12.96524,0.0,172.8,58
2025-09-19 19:38:10.104832,257129510,FDA MIMMI,Norway,68.869542,17.783322,0.0,168.2,33
2025-09-19 19:38:10.104849,257054090,KARL SENIOR,Norway,66.031093,12.025933,0.1,359.2,56
2025-09-19 19:38:10.104876,257054100,FRIDTJOF NANSEN,Norway,68.998968,15.007688,14.7,236.2,60
2025-09-19 19:38:10.104893,259015370,LIATIND,Norway,66.72554,13.168575,7.9,203.6,79
2025-09-19 19:38:10.104910,257129600,ULOYTIND,Norway,69.785105,20.613923,6.3,123.4,60
2025-09-19 19:38:10.104928,259015400,FOSNA SIRIUS,Norway,71.017153,25.384448,0.2,287.8,70
2025-09-19 19:38:10.104947,259015460,GASTN,Norway,68.865837,16.66933,0.1,0.0,60
2025-09-19 19:38:10.104965,259091000,INTER NORDIC,Norway,68.881205,15.374905,9.7,144.7,70
2025-09-19 19:38:10.104983,257959600,KAVRINGEN,Norway,69.66166666666666,20.31833333333333,0.0,5.0,70
2025-09-19 19:38:10.105000,257657900,FALKUNGEN JR,Norway,69.43286,16.993705,21.0,222.6,53
2025-09-19 19:38:10.105018,257959700,JOKELLAKS,Norway,70.06166666666667,21.873333333333335,0.0,0.0,33
2025-09-19 19:38:10.105035,257129970,MOENDALSTIND,Norway,69.90166666666667,21.878333333333334,0.0,14.0,70
2025-09-19 19:38:10.105053,244533000,WATERLAND,Netherlands,69.542695,19.037907,0.0,352.5,52
2025-09-19 19:38:10.105070,257129980,KORSFJORD,Norway,69.97747,23.329858,0.0,0.0,34
2025-09-19 19:38:10.105088,257130000,HANNAH KRISTINA,Norway,70.36132,21.580367,13.9,226.9,70
2025-09-19 19:38:10.105106,257054580,HORDAFOR VII,Norway,67.794473,-5.468525,11.4,266.7,83
2025-09-19 19:38:10.105124,257281000,STAALBAS,Norway,69.649813,18.981358,0.0,342.7,36
2025-09-19 19:38:10.105141,257959900,RESCUE UTVAER,Norway,69.971117,23.240762,0.0,348.1,51
2025-09-19 19:38:10.105169,258111000,RONJA SILVER,Norway,71.017762,25.384845,0.0,113.7,70
2025-09-19 19:38:10.105187,257130400,LUNDEKONGEN,Norway,71.099917,25.38775,0.0,115.7,60
2025-09-19 19:38:10.105207,259016200,PRS.INGRID ALEXANDRA,Norway,70.634845,29.727933,0.0,11.4,90
2025-09-19 19:38:10.105227,257733900,RESCUE SIMRAD FERDER,Norway,68.801118,16.545525,0.0,299.6,51
2025-09-19 19:38:10.105262,257130540,ABORNES,Norway,67.761853,15.2502,6.4,5.3,70
2025-09-19 19:38:10.105280,259016330,TOR ARNT,Norway,65.00186,11.680183,0.0,0.0,99
2025-09-19 19:38:10.105299,259016340,BERET PAULSDATTER,Norway,69.657813,18.9705,0.0,355.0,90
2025-09-19 19:38:10.105316,257130580,OV SKROVA,Norway,68.212775,14.483062,0.0,71.4,75
2025-09-19 19:38:10.105336,257130600,BARENTS KRAFT,Norway,70.576942,23.681578,0.0,0.0,53
2025-09-19 19:38:10.105353,257658700,KVALSUND,Norway,70.995537,24.661087,0.0,108.3,70
2025-09-19 19:38:10.105388,257130760,LUDVIG,Norway,70.63004,23.65538,0.1,0.0,70
2025-09-19 19:38:10.105405,257432500,SANDVAER,Norway,67.935725,13.105855,8.2,314.0,30
2025-09-19 19:38:10.105421,259092000,LEANDER,Norway,71.135828,27.10939,8.9,65.9,30
2025-09-19 19:38:10.105448,257960600,KVASSTIND,Norway,66.393473,12.829768,0.1,0.0,90
2025-09-19 19:38:10.105471,257130930,CRUX,Norway,66.663483,13.053267,7.6,86.2,60
2025-09-19 19:38:10.105497,257055560,NORDOY,Norway,70.143597,22.448417,9.0,89.7,70
2025-09-19 19:38:10.105516,257131000,TROMS ARCTURUS,Norway,65.07666666666667,6.7316666666666665,8.0,24.0,90
2025-09-19 19:38:10.105545,258489000,STEINAR OLAISEN,Norway,65.770745,12.309015,11.0,198.8,70
2025-09-19 19:38:10.105566,259017150,ROEYFJELL,Norway,66.166268,12.556368,0.0,241.7,70
2025-09-19 19:38:10.105585,258791000,RO ARCTIC,Norway,70.62513,23.104445,0.0,90.3,70
2025-09-19 19:38:10.105603,257282400,HJELMELAND,Norway,65.954338,12.332747,10.5,302.6,65
2025-09-19 19:38:10.105637,257659600,MARIANNE S,Norway,69.606617,18.043017,0.0,66.8,70
2025-09-19 19:38:10.105656,257131660,GRYTAAFJORD,Norway,65.802423,12.725383,0.0,0.0,40
2025-09-19 19:38:10.105675,257131800,FORROEY 2,Norway,68.921117,15.218497,0.0,161.3,30
2025-09-19 19:38:10.105693,258037000,WIKEROEY SENIOR,Norway,73.038573,23.388028,8.1,332.5,30
2025-09-19 19:38:10.105712,309481000,ARCTIC DISCOVERER,Bahamas,70.675847,23.397237,0.0,178.4,80
2025-09-19 19:38:10.105732,259546000,TORGTIND,Norway,65.648212,12.182288,12.6,91.7,60
2025-09-19 19:38:10.105759,257584800,ODDVAERING,Norway,68.332325,14.946147,0.0,10.5,70
2025-09-19 19:38:10.105794,257056820,FOSSEKALL,Norway,68.838773,17.400187,0.0,241.9,90
2025-09-19 19:38:10.105820,219794000,NADIR,Denmark,78.227867,15.617423,0.1,319.9,31
2025-09-19 19:38:10.105839,257057010,NORDBJOERN,Norway,65.845177,12.23482,0.0,12.7,70
2025-09-19 19:38:10.105865,257057050,KOMAGFJORD,Norway,69.977307,23.329573,0.0,0.0,34
2025-09-19 19:38:10.105886,257660500,J.A. SENIOR,Norway,67.28166666666667,14.370000000000001,0.0,144.0,30
2025-09-19 19:38:10.105902,257886800,TJELD,Norway,69.933928,20.7809,29.8,320.7,60
2025-09-19 19:38:10.105919,219417000,GEORG STAGE,Denmark,65.92521,12.428642,0.1,251.9,36
2025-09-19 19:38:10.105937,257736000,KV SORTLAND,Norway,68.77064,16.818407,12.9,29.9,55
2025-09-19 19:38:10.105955,257132590,BORGE EDNAR,Norway,65.079912,12.068222,0.0,0.0,70
2025-09-19 19:38:10.105971,257132700,TORE I,Norway,69.741038,30.462828,0.0,270.8,70
2025-09-19 19:38:10.106007,257057450,KURTH O,Norway,68.73,16.907663,0.0,163.8,33
2025-09-19 19:38:10.106024,228016600,POLARIS I,Norway,68.13292,14.178535,9.0,42.1,67
2025-09-19 19:38:10.106043,257132970,THORVALD JOHAN,Norway,68.908997,17.723323,0.1,0.0,70
2025-09-19 19:38:10.106078,636023140,ST.SOFIA,Liberia,71.693613,26.592347,10.7,287.8,70
2025-09-19 19:38:10.106099,259019220,POLITI NORDLAND 1,Norway,66.0215,12.625705,0.0,0.0,55
2025-09-19 19:38:10.106117,257661500,BALLSTADGUTT,Norway,68.0677,13.536267,0.0,245.0,30
2025-09-19 19:38:10.106152,259019280,MS NIKOLAI,Norway,66.134277,12.860252,0.2,104.9,60
2025-09-19 19:38:10.106170,259019290,SELVAERGUTT,Norway,66.494003,12.084188,0.1,0.0,60
2025-09-19 19:38:10.106187,257133530,HMT THOR,Norway,67.257287,14.293125,0.0,34.5,90
2025-09-19 19:38:10.106204,228092600,POLARFRONT,Norway,79.735032,10.632927,7.0,338.7,90
2025-09-19 19:38:10.106220,257133550,YNGVE,Norway,68.866707,16.401117,3.7,260.1,32
2025-09-19 19:38:10.106237,257209000,KAGTIND II,Norway,69.675182,18.98196,0.0,110.2,30
2025-09-19 19:38:10.106263,258340500,LUNDEROY,Norway,66.36875,12.594157,0.1,290.2,70
2025-09-19 19:38:10.106281,257133620,OEYVIKING,Norway,67.406198,13.900585,0.0,38.1,30
2025-09-19 19:38:10.106298,257812500,SOLRAND F-1-G,Norway,71.035873,27.83984,0.1,172.4,30
2025-09-19 19:38:10.106315,259019450,RISOEYA,Norway,69.085507,16.124707,24.0,215.3,40
2025-09-19 19:38:10.106335,257058280,ELSA LAULA RENBERG,Norway,66.65239,13.048553,32.2,241.8,40
2025-09-19 19:38:10.106353,257058290,REGINE NORMANN,Norway,67.891743,14.883223,32.0,62.4,40
2025-09-19 19:38:10.106389,257209400,DIVESERVICE 1,Norway,69.543222,19.039842,0.0,0.0,70
2025-09-19 19:38:10.106406,257058550,LUNDOEY,Norway,68.005503,15.264068,0.1,124.7,33
2025-09-19 19:38:10.106430,257737500,MAJA 2,Norway,68.91271,15.07444,0.0,217.1,30
2025-09-19 19:38:10.106448,257209500,RINGHORNE,Norway,68.487775,17.335733,0.0,0.0,70
2025-09-19 19:38:10.106476,257134270,POLAR PIONER,Norway,65.993227,12.246427,0.0,350.4,75
2025-09-19 19:38:10.106493,257134280,VESTFJORD,Norway,68.402347,16.211953,0.0,57.5,70
2025-09-19 19:38:10.106511,257662500,BLEIKSOEY,Norway,69.325323,16.138585,0.0,0.0,30
2025-09-19 19:38:10.106529,257888800,KJELL VIKING,Norway,70.050292,20.924262,24.5,111.5,70
2025-09-19 19:38:10.106546,259322000,POLARLYS,Norway,70.7122,30.160633,12.8,303.8,60
2025-09-19 19:38:10.106566,258794000,SKARSTIND,Norway,66.868473,13.702187,0.0,77.4,69
2025-09-19 19:38:10.106583,258266000,FOLKESTAD,Norway,69.663043,19.80819,0.0,101.0,60
2025-09-19 19:38:10.106601,257059140,FROY FINNMARK,Norway,69.408382,17.281508,0.0,93.0,90
2025-09-19 19:38:10.106619,257964500,BORHELLA,Norway,69.324205,16.118942,0.0,309.3,30
2025-09-19 19:38:10.106645,629009658,MAKALU,Gambia,73.662445,34.801058,10.7,64.2,80
2025-09-19 19:38:10.106671,257059550,HANS G,Norway,70.994668,24.657222,0.1,279.5,53
2025-09-19 19:38:10.106695,257059840,GYRO,Norway,70.082328,20.096133,0.1,260.4,33
2025-09-19 19:38:10.106721,257663500,NORSKOTTIND,Norway,68.482668,15.254375,0.0,338.4,30
2025-09-19 19:38:10.106739,257889800,BETA BLUE,Norway,67.736453,14.892807,0.0,344.0,70
2025-09-19 19:38:10.106759,257060270,LOFOTEN EXPLORER 1,Norway,68.218027,14.60284,32.4,284.1,60
2025-09-19 19:38:10.106776,257814610,NORDTIND,Norway,67.659978,12.696975,0.0,0.0,30
2025-09-19 19:38:10.106795,257286700,YARAJENTA,Norway,66.907817,13.602508,0.0,305.1,60
2025-09-19 19:38:10.106811,257060440,AKSEL,Norway,68.479612,14.519973,1.9,262.8,30
2025-09-19 19:38:10.106828,257588500,LOFOTODDEN,Norway,67.898253,13.044457,0.0,293.4,30
2025-09-19 19:38:10.106854,257060590,PLUGGEN,Norway,68.427658,17.425303,4.7,43.4,40
2025-09-19 19:38:10.106872,257060650,KIM EIRIK,Norway,68.6066,14.458325,0.0,128.1,79
2025-09-19 19:38:10.106889,257060670,LEKAFJORD,Norway,65.087782,11.739233,0.0,329.9,70
2025-09-19 19:38:10.106915,257362500,HAMAROEY,Norway,68.4176,15.999533,0.0,213.5,60
2025-09-19 19:38:10.106933,257438000,HAVILA HEROY,Norway,65.14333333333333,7.433333333333334,0.0,260.0,70
2025-09-19 19:38:10.106950,257060850,TENNHOLMEN,Norway,66.801667,13.234135,0.0,38.5,90
2025-09-19 19:38:10.106968,257060900,LOFOTFJORD,Norway,67.406773,13.905227,0.0,0.0,70
2025-09-19 19:38:10.106985,257739800,VIKING SEA,Norway,66.023937,12.643848,0.0,212.2,33
2025-09-19 19:38:10.107003,258117000,STRIL POSEIDON,Norway,66.196205,7.896335,1.1,16.0,51
2025-09-19 19:38:10.107030,258721000,AQS NAMDAL,Norway,69.90333333333334,21.876666666666665,0.0,0.0,99
2025-09-19 19:38:10.107048,257212400,SULAFJORD,Norway,68.092907,16.356488,0.0,339.4,60
2025-09-19 19:38:10.107065,257061570,SVARTFJELL,Norway,70.665433,23.174742,0.1,46.6,90
2025-09-19 19:38:10.107084,257061600,KRAFT JOHANSSEN,Norway,65.892765,11.997932,0.0,52.9,52
2025-09-19 19:38:10.107103,257816000,FJORD CONNECTOR,Norway,78.227498,15.618725,0.0,18.8,90
2025-09-19 19:38:10.107119,257212600,HORNOYA,Norway,70.37368,31.10451,0.1,104.5,53
2025-09-19 19:38:10.107136,257363500,TYSFJORD,Norway,66.523598,13.223317,13.5,336.1,66
2025-09-19 19:38:10.107155,257061880,PELAGIA KYST,Norway,69.605035,19.81482,0.0,199.3,70
2025-09-19 19:38:10.107180,259174000,JEKTOEY,Norway,70.800723,28.092312,7.8,52.1,40
2025-09-19 19:38:10.107199,257212800,POLAR ADVENTURE,Norway,69.650048,18.961112,0.0,223.7,60
2025-09-19 19:38:10.107215,257137500,FOSNA,Norway,67.082333,13.851387,0.1,0.0,53
2025-09-19 19:38:10.107232,259023310,LYNGHOLM,Norway,65.11242,11.719462,0.0,278.3,70
2025-09-19 19:38:10.107250,257288400,HOEGSFJORD,Norway,65.969217,12.286933,0.0,47.2,69
2025-09-19 19:38:10.107286,258344500,KURT SENIOR,Norway,68.090985,13.739025,0.1,0.0,33
2025-09-19 19:38:10.107305,257137640,VANNOEYVAERING,Norway,70.536127,20.32028,0.9,302.0,30
2025-09-19 19:38:10.107321,257137700,OKSOY,Norway,66.711985,13.678837,8.0,288.5,60
2025-09-19 19:38:10.107340,372698000,FUGRO DISCOVERY,Panama,67.295307,14.389143,0.0,40.5,90
2025-09-19 19:38:10.107368,258194000,RO SUNRISE,Norway,68.00541,15.263005,0.0,52.3,70
2025-09-19 19:38:10.107384,257892500,GARD,Norway,70.63875,24.590217,2.9,271.7,33
2025-09-19 19:38:10.107422,259024040,LEIF-ERIK SIMONSEN,Norway,66.372697,12.358975,0.0,67.4,51
2025-09-19 19:38:10.107460,257666500,HALDORSON,Norway,66.358688,12.585148,0.0,95.1,30
2025-09-19 19:38:10.107477,257892800,HEILHORNET,Norway,65.076862,11.538477,0.0,0.0,70
2025-09-19 19:38:10.107504,276826000,AGOT,Estonia,68.982257,15.841497,6.2,77.0,70
2025-09-19 19:38:10.107530,258270000,AQUA LADY,Norway,68.487548,15.123995,0.0,217.3,70
2025-09-19 19:38:10.107548,257063150,FLATVAER,Norway,69.975603,20.664953,0.0,144.0,99
2025-09-19 19:38:10.107604,257289720,VENGSOEYVAERING,Norway,69.672385,18.745702,0.0,315.0,30
2025-09-19 19:38:10.107631,257063480,TROLLFJORD,Norway,69.845023,22.019955,0.0,338.6,99
2025-09-19 19:38:10.107658,258195000,INTER FJORD,Norway,66.92117,13.486023,9.7,176.0,90
2025-09-19 19:38:10.107675,257139000,JOHAN HJORT,Norway,76.810067,25.447892,9.6,110.8,99
2025-09-19 19:38:10.107693,258270500,SALMAR NORD 1,Norway,69.510517,17.902883,0.0,0.0,99
2025-09-19 19:38:10.107711,257742500,SENJATIND,Norway,69.508488,17.906217,0.0,0.0,30
2025-09-19 19:38:10.107765,257742700,TROLLOEY,Norway,68.643885,15.505258,0.0,0.0,70
2025-09-19 19:38:10.107783,257742800,FLAGGSUND,Norway,68.40995,16.524718,0.0,274.0,70
2025-09-19 19:38:10.107801,259176000,HALFDAN GRIEG,Norway,68.913345,15.07078,0.0,52.7,51
2025-09-19 19:38:10.107818,257064050,HAVELLA,Norway,69.928877,20.895553,25.6,61.4,40
2025-09-19 19:38:10.107835,257139500,BURFLESA,Norway,65.112472,11.71935,0.0,356.3,70
2025-09-19 19:38:10.107852,257667600,ANNE G,Norway,70.858023,29.097635,0.0,0.0,30
2025-09-19 19:38:10.107870,259478000,LOFOTFANGST,Norway,70.85858,29.097343,0.0,130.0,30
2025-09-19 19:38:10.107888,257064260,OSCAR SUND,Norway,67.034945,14.021625,0.0,243.5,30
2025-09-19 19:38:10.107903,273432870,LUGA,Russia,72.85833333333333,33.934999999999995,8.0,295.0,80
2025-09-19 19:38:10.107929,257592500,TANGHOLM,Norway,68.071263,13.535922,0.0,194.0,30
2025-09-19 19:38:10.107945,259252000,LANGOEY,Norway,70.489945,18.431722,2.9,253.7,30
2025-09-19 19:38:10.107962,257215500,STETIND,Norway,69.345695,16.724277,12.7,262.2,69
2025-09-19 19:38:10.107980,257743600,FROEYSKARV,Norway,69.354127,18.081345,0.0,246.9,34
2025-09-19 19:38:10.107999,257894700,RUNDHOLMEN,Norway,66.618847,13.01543,0.0,198.5,70
2025-09-19 19:38:10.108026,258196500,BJORN TOMMY,Norway,68.869693,15.291907,0.0,0.0,70
2025-09-19 19:38:10.108053,111257003,NOR-004,Unknown,71.316538,27.171953,62.0,306.8,99
2025-09-19 19:38:10.108068,111257010,NOR-011,Unknown,67.27119,14.357112,7.0,328.4,99
2025-09-19 19:38:10.108094,257065180,ARRONET 30,Norway,69.695187,19.017723,0.0,0.0,70
2025-09-19 19:38:10.108108,259026460,ASNH,Norway,70.994557,24.670368,0.4,239.7,38
2025-09-19 19:38:10.108122,257668800,FAKSTIND,Norway,69.473972,18.068472,0.3,134.0,52
2025-09-19 19:38:10.108137,259102000,BIRGERSON,Norway,71.16245,25.953573,0.0,0.0,30
2025-09-19 19:38:10.108151,258046000,YTTEROEY,Norway,67.451853,14.733702,6.5,297.8,90
2025-09-19 19:38:10.108167,259026700,FJORDSTROEM,Norway,67.283885,14.37309,0.0,309.9,40
2025-09-19 19:38:10.108183,258197000,EIDSVAAG OMEGA,Norway,69.364567,19.169917,10.3,109.6,70
2025-09-19 19:38:10.108197,259026800,FJORDTIND,Norway,67.28424,14.37231,0.0,134.2,45
2025-09-19 19:38:10.108213,111257511,SAR AC  RESCUE 7,Unknown,69.68345,18.912557,0.0,195.6,99
2025-09-19 19:38:10.108245,259026990,KAARE VIKING,Norway,69.901677,20.811562,27.9,224.2,70
2025-09-19 19:38:10.108260,258499000,POLARGIRL,Norway,69.64999,18.963103,0.0,194.3,61
2025-09-19 19:38:10.108285,259178000,TRYGVE B,Norway,71.06018,27.84142,9.3,199.1,30
2025-09-19 19:38:10.108300,257594000,RONJA HAVSOY,Norway,66.807475,13.909503,0.0,341.6,75
2025-09-19 19:38:10.108325,257292400,KARLSOY,Norway,70.00815,18.552533,9.6,176.0,60
2025-09-19 19:38:10.108340,257217000,STJERNOY,Norway,68.801057,16.546617,0.0,160.2,40
2025-09-19 19:38:10.108363,220633000,ESVAGT STAVANGER,Norway,72.508025,20.230172,0.1,316.6,70
2025-09-19 19:38:10.108402,257820700,VIKNAVAERINGEN,Norway,65.21652,12.196763,7.6,75.2,79
2025-09-19 19:38:10.108432,259027930,OKSHOLMEN,Norway,66.786015,13.514188,0.0,42.1,70
2025-09-19 19:38:10.108446,259028000,FROYANES,Norway,76.105,36.04333333333333,2.0,263.0,30
2025-09-19 19:38:10.108461,258500000,RICHARD WITH,Norway,69.830408,19.610113,14.3,68.1,60
2025-09-19 19:38:10.108483,265289000,VIRGO,Sweden,82.765725,23.11988,3.6,268.3,70
2025-09-19 19:38:10.108499,273435580,KAPITAN SULIMOV,Russia,71.360732,16.598873,3.9,110.3,30
2025-09-19 19:38:10.108514,259028270,MAROSUND,Norway,70.776498,27.218918,0.0,0.0,70
2025-09-19 19:38:10.108528,259330000,NORDKAPP,Norway,68.230852,14.566803,0.0,345.0,60
2025-09-19 19:38:10.108544,257142520,SVENDSEN SENIOR,Norway,67.12848,13.959368,0.0,327.1,30
2025-09-19 19:38:10.108566,257293400,KJERRINGOY,Norway,68.316368,14.989487,0.0,150.2,60
2025-09-19 19:38:10.108590,257293500,DIVESERVICE II,Norway,69.543203,19.040092,0.0,329.8,90
2025-09-19 19:38:10.108612,257972600,ISTIND,Norway,70.817205,27.491135,0.1,103.1,79
2025-09-19 19:38:10.108627,311000634,YAKOV GAKKEL,Bahamas,71.19504,20.549257,18.5,72.1,89
2025-09-19 19:38:10.108641,257067570,GEO CAT,Norway,68.232115,14.567365,0.0,307.7,33
2025-09-19 19:38:10.108672,257218500,KAPTEIN BUHRE,Norway,69.65175,18.962233,0.0,155.5,51
2025-09-19 19:38:10.108687,257595700,BJOERNSFJELL,Norway,65.494077,12.228465,0.0,0.0,70
2025-09-19 19:38:10.108702,257972900,BORIS GLEB,Norway,69.667598,30.134235,0.0,111.7,60
2025-09-19 19:38:10.108717,257973000,SEVEN VIKING,Norway,66.091905,8.05554,0.2,265.5,99
2025-09-19 19:38:10.108732,259029100,AQS SIV,Norway,70.625562,23.106093,0.0,158.6,49
2025-09-19 19:38:10.108747,257746790,RIB EXPRESSEN,Norway,68.601985,15.379085,0.0,0.0,40
2025-09-19 19:38:10.108762,258124000,VIGDIS H,Norway,68.555487,16.094178,0.0,16.0,70
2025-09-19 19:38:10.108775,259029210,GUSTAV,Norway,65.17005,11.997433,18.2,91.8,70
2025-09-19 19:38:10.108790,257671500,BUHOLMEN,Norway,67.656553,12.710845,0.0,139.7,30
2025-09-19 19:38:10.108805,257068090,HAMMERFEST,Norway,70.538072,23.3764,30.9,137.8,60
2025-09-19 19:38:10.108820,257068120,NOVA MASTER,Norway,66.589838,13.094978,0.0,217.5,90
2025-09-19 19:38:10.108834,259029390,ANTON,Norway,68.79188,16.917903,0.1,218.0,70
2025-09-19 19:38:10.108849,259029400,RINGVASSOEY,Norway,70.63333333333334,22.566666666666666,0.0,216.0,70
2025-09-19 19:38:10.108864,259029410,RINSNESTIND,Norway,66.802,13.494617,19.9,204.7,60
2025-09-19 19:38:10.108886,273436830,LLV AZURIT,Russia,70.625523,29.701247,0.0,22.8,30
2025-09-19 19:38:10.108902,257445500,STANGNESTIND,Norway,70.669748,23.668808,0.0,169.9,99
2025-09-19 19:38:10.108917,257068390,TELNESTIND,Norway,67.144253,14.274698,5.1,5.4,99
2025-09-19 19:38:10.108932,311001583,AURORA SPIRIT,Bahamas,66.174822,7.752848,7.5,18.3,80
2025-09-19 19:38:10.108947,311001591,RAINBOW SPIRIT,Bahamas,72.240215,19.917225,1.2,231.4,80
2025-09-19 19:38:10.108963,257294800,M.W. ASHEIM,Norway,70.242197,22.3486,0.0,0.0,58
2025-09-19 19:38:10.108979,259029880,STOKKATINDEN,Norway,66.200838,13.01435,0.0,104.1,70
2025-09-19 19:38:10.108993,259029890,WIEANAH,Norway,69.685717,18.692265,0.1,177.7,70
2025-09-19 19:38:10.109010,257898500,KAROLIMA,Norway,70.23666,22.350028,0.0,313.6,30
2025-09-19 19:38:10.109025,259030000,WILSON NORFOLK,Norway,69.26682,17.96573,10.2,168.1,70
